fio,gender,birth_date,phone_number,group,specialty,faculty,discipline,num_statement,grade
Головин Р. В.,Жен,1997-02-16 00:00:00,7 (391) 020-31-95,725,05.03.02 География,ЕГФ,Методика обучения предмету,130,Отлично
Головин Р. В.,Муж,2001-07-09 00:00:00,7 (053) 638-49-70,725,05.03.02 География,ЕГФ,Методика обучения предмету,130,Отлично
Головин Р. В.,Жен,1998-07-12 00:00:00,7 (452) 041-86-69,725,05.03.02 География,ЕГФ,Методика обучения предмету,130,Отлично
Головин Р. В.,Жен,1998-10-28 00:00:00,7 (972) 181-62-67,725,05.03.02 География,ЕГФ,Методика обучения предмету,130,Отлично
Головин Р. В.,Муж,1998-11-08 00:00:00,7 (621) 749-80-89,725,05.03.02 География,ЕГФ,Методика обучения предмету,130,Отлично
Головин Р. В.,Жен,1999-04-30 00:00:00,7 (903) 452-88-40,725,05.03.02 География,ЕГФ,Методика обучения предмету,130,Хорошо
Головин Р. В.,Жен,2000-07-11 00:00:00,7 (305) 740-23-62,725,05.03.02 География,ЕГФ,Методика обучения предмету,130,Удовлетворительно
Головин Р. В.,Жен,1998-12-25 00:00:00,7 (534) 592-83-68,725,05.03.02 География,ЕГФ,Методика обучения предмету,130,Хорошо
Головин Р. В.,Жен,2000-01-03 00:00:00,7 (192) 057-15-38,725,05.03.02 География,ЕГФ,Методика обучения предмету,130,Хорошо
Щербакова В. А.,Муж,2000-04-29 00:00:00,7 (815) 659-41-99,725,05.03.02 География,ЕГФ,Принципы организации и методики проведения экскурсий,132,Не сдал
Щербакова В. А.,Жен,1997-02-16 00:00:00,7 (391) 020-31-95,725,05.03.02 География,ЕГФ,Принципы организации и методики проведения экскурсий,132,Отлично
Щербакова В. А.,Муж,2001-07-09 00:00:00,7 (053) 638-49-70,725,05.03.02 География,ЕГФ,Принципы организации и методики проведения экскурсий,132,Отлично
Щербакова В. А.,Жен,1998-07-12 00:00:00,7 (452) 041-86-69,725,05.03.02 География,ЕГФ,Принципы организации и методики проведения экскурсий,132,Отлично
Щербакова В. А.,Жен,1998-10-28 00:00:00,7 (972) 181-62-67,725,05.03.02 География,ЕГФ,Принципы организации и методики проведения экскурсий,132,Отлично
Щербакова В. А.,Муж,1998-11-08 00:00:00,7 (621) 749-80-89,725,05.03.02 География,ЕГФ,Принципы организации и методики проведения экскурсий,132,Хорошо
Щербакова В. А.,Жен,1999-04-30 00:00:00,7 (903) 452-88-40,725,05.03.02 География,ЕГФ,Принципы организации и методики проведения экскурсий,132,Отлично
Щербакова В. А.,Жен,2000-07-11 00:00:00,7 (305) 740-23-62,725,05.03.02 География,ЕГФ,Принципы организации и методики проведения экскурсий,132,Отлично
Щербакова В. А.,Жен,1998-12-25 00:00:00,7 (534) 592-83-68,725,05.03.02 География,ЕГФ,Принципы организации и методики проведения экскурсий,132,Отлично
Щербакова В. А.,Жен,2000-01-03 00:00:00,7 (192) 057-15-38,725,05.03.02 География,ЕГФ,Принципы организации и методики проведения экскурсий,132,Отлично
Виноградова Н. А.,Муж,2000-04-29 00:00:00,7 (815) 659-41-99,725,05.03.02 География,ЕГФ,Физическая география и ландшафты России,134,Не сдал
Виноградова Н. А.,Жен,1997-02-16 00:00:00,7 (391) 020-31-95,725,05.03.02 География,ЕГФ,Физическая география и ландшафты России,134,Отлично
Виноградова Н. А.,Муж,2001-07-09 00:00:00,7 (053) 638-49-70,725,05.03.02 География,ЕГФ,Физическая география и ландшафты России,134,Отлично
Виноградова Н. А.,Жен,1998-07-12 00:00:00,7 (452) 041-86-69,725,05.03.02 География,ЕГФ,Физическая география и ландшафты России,134,Хорошо
Виноградова Н. А.,Жен,1998-10-28 00:00:00,7 (972) 181-62-67,725,05.03.02 География,ЕГФ,Физическая география и ландшафты России,134,Отлично
Виноградова Н. А.,Муж,1998-11-08 00:00:00,7 (621) 749-80-89,725,05.03.02 География,ЕГФ,Физическая география и ландшафты России,134,Хорошо
Виноградова Н. А.,Жен,1999-04-30 00:00:00,7 (903) 452-88-40,725,05.03.02 География,ЕГФ,Физическая география и ландшафты России,134,Хорошо
Виноградова Н. А.,Жен,2000-07-11 00:00:00,7 (305) 740-23-62,725,05.03.02 География,ЕГФ,Физическая география и ландшафты России,134,Отлично
Виноградова Н. А.,Жен,1998-12-25 00:00:00,7 (534) 592-83-68,725,05.03.02 География,ЕГФ,Физическая география и ландшафты России,134,Отлично
Виноградова Н. А.,Жен,2000-01-03 00:00:00,7 (192) 057-15-38,725,05.03.02 География,ЕГФ,Физическая география и ландшафты России,134,Отлично
Васильев В. Е.,Муж,2000-04-29 00:00:00,7 (815) 659-41-99,725,05.03.02 География,ЕГФ,Экономическая и социальная география России,138,Удовлетворительно
Васильев В. Е.,Жен,1997-02-16 00:00:00,7 (391) 020-31-95,725,05.03.02 География,ЕГФ,Экономическая и социальная география России,138,Отлично
Васильев В. Е.,Муж,2001-07-09 00:00:00,7 (053) 638-49-70,725,05.03.02 География,ЕГФ,Экономическая и социальная география России,138,Хорошо
Васильев В. Е.,Жен,1998-07-12 00:00:00,7 (452) 041-86-69,725,05.03.02 География,ЕГФ,Экономическая и социальная география России,138,Хорошо
Васильев В. Е.,Жен,1998-10-28 00:00:00,7 (972) 181-62-67,725,05.03.02 География,ЕГФ,Экономическая и социальная география России,138,Отлично
Васильев В. Е.,Муж,1998-11-08 00:00:00,7 (621) 749-80-89,725,05.03.02 География,ЕГФ,Экономическая и социальная география России,138,Удовлетворительно
Васильев В. Е.,Жен,1999-04-30 00:00:00,7 (903) 452-88-40,725,05.03.02 География,ЕГФ,Экономическая и социальная география России,138,Хорошо
Васильев В. Е.,Жен,2000-07-11 00:00:00,7 (305) 740-23-62,725,05.03.02 География,ЕГФ,Экономическая и социальная география России,138,Удовлетворительно
Васильев В. Е.,Жен,1998-12-25 00:00:00,7 (534) 592-83-68,725,05.03.02 География,ЕГФ,Экономическая и социальная география России,138,Отлично
Васильев В. Е.,Жен,2000-01-03 00:00:00,7 (192) 057-15-38,725,05.03.02 География,ЕГФ,Экономическая и социальная география России,138,Отлично
Архипов Б. Д.,Жен,1999-03-05 00:00:00,7 (590) 018-14-90,727,05.03.02 География,ЕГФ,Землеведение,187,Удовлетворительно
Архипов Б. Д.,Жен,2004-10-21 00:00:00,7 (814) 825-82-08,727,05.03.02 География,ЕГФ,Землеведение,187,Отлично
Архипов Б. Д.,Муж,2002-09-19 00:00:00,7 (138) 067-48-24,727,05.03.02 География,ЕГФ,Землеведение,187,Отлично
Архипов Б. Д.,Муж,2004-05-18 00:00:00,7 (401) 891-62-94,727,05.03.02 География,ЕГФ,Землеведение,187,Отлично
Архипов Б. Д.,Жен,2003-04-03 00:00:00,7 (550) 483-39-93,727,05.03.02 География,ЕГФ,Землеведение,187,Отлично
Архипов Б. Д.,Жен,1998-02-24 00:00:00,7 (875) 683-47-80,727,05.03.02 География,ЕГФ,Землеведение,187,Хорошо
Архипов Б. Д.,Муж,2000-08-16 00:00:00,7 (422) 349-73-28,727,05.03.02 География,ЕГФ,Землеведение,187,Не сдал
Архипов Б. Д.,Жен,2001-02-06 00:00:00,7 (363) 176-33-86,727,05.03.02 География,ЕГФ,Землеведение,187,Хорошо
Гусев И. В.,Муж,1998-07-10 00:00:00,7 (200) 468-55-75,727,05.03.02 География,ЕГФ,Картография с основами топографии,189,Отлично
Гусев И. В.,Жен,1999-03-05 00:00:00,7 (590) 018-14-90,727,05.03.02 География,ЕГФ,Картография с основами топографии,189,Не сдал
Гусев И. В.,Жен,2004-10-21 00:00:00,7 (814) 825-82-08,727,05.03.02 География,ЕГФ,Картография с основами топографии,189,Не сдал
Гусев И. В.,Муж,2002-09-19 00:00:00,7 (138) 067-48-24,727,05.03.02 География,ЕГФ,Картография с основами топографии,189,Отлично
Гусев И. В.,Муж,1997-08-14 00:00:00,7 (573) 754-16-93,727,05.03.02 География,ЕГФ,Картография с основами топографии,189,Хорошо
Гусев И. В.,Муж,2004-05-18 00:00:00,7 (401) 891-62-94,727,05.03.02 География,ЕГФ,Картография с основами топографии,189,Хорошо
Гусев И. В.,Жен,2003-04-03 00:00:00,7 (550) 483-39-93,727,05.03.02 География,ЕГФ,Картография с основами топографии,189,Отлично
Гусев И. В.,Жен,1998-02-24 00:00:00,7 (875) 683-47-80,727,05.03.02 География,ЕГФ,Картография с основами топографии,189,Хорошо
Гусев И. В.,Муж,2000-08-16 00:00:00,7 (422) 349-73-28,727,05.03.02 География,ЕГФ,Картография с основами топографии,189,Удовлетворительно
Гусев И. В.,Жен,2001-02-06 00:00:00,7 (363) 176-33-86,727,05.03.02 География,ЕГФ,Картография с основами топографии,189,Удовлетворительно
Воробьева К. Л.,Муж,1998-07-10 00:00:00,7 (200) 468-55-75,727,05.03.02 География,ЕГФ,Ландшафтоведение,190,Хорошо
Воробьева К. Л.,Жен,1999-03-05 00:00:00,7 (590) 018-14-90,727,05.03.02 География,ЕГФ,Ландшафтоведение,190,Хорошо
Воробьева К. Л.,Жен,2004-10-21 00:00:00,7 (814) 825-82-08,727,05.03.02 География,ЕГФ,Ландшафтоведение,190,Хорошо
Воробьева К. Л.,Муж,2002-09-19 00:00:00,7 (138) 067-48-24,727,05.03.02 География,ЕГФ,Ландшафтоведение,190,Хорошо
Воробьева К. Л.,Муж,1997-08-14 00:00:00,7 (573) 754-16-93,727,05.03.02 География,ЕГФ,Ландшафтоведение,190,Отлично
Воробьева К. Л.,Муж,2004-05-18 00:00:00,7 (401) 891-62-94,727,05.03.02 География,ЕГФ,Ландшафтоведение,190,Хорошо
Воробьева К. Л.,Жен,2003-04-03 00:00:00,7 (550) 483-39-93,727,05.03.02 География,ЕГФ,Ландшафтоведение,190,Отлично
Воробьева К. Л.,Жен,1998-02-24 00:00:00,7 (875) 683-47-80,727,05.03.02 География,ЕГФ,Ландшафтоведение,190,Хорошо
Воробьева К. Л.,Муж,2000-08-16 00:00:00,7 (422) 349-73-28,727,05.03.02 География,ЕГФ,Ландшафтоведение,190,Отлично
Воробьева К. Л.,Жен,2001-02-06 00:00:00,7 (363) 176-33-86,727,05.03.02 География,ЕГФ,Ландшафтоведение,190,Не сдал
Гусев И. В.,Муж,1998-07-10 00:00:00,7 (200) 468-55-75,727,05.03.02 География,ЕГФ,Методы географических исследований,191,Отлично
Гусев И. В.,Жен,1999-03-05 00:00:00,7 (590) 018-14-90,727,05.03.02 География,ЕГФ,Методы географических исследований,191,Хорошо
Гусев И. В.,Жен,2004-10-21 00:00:00,7 (814) 825-82-08,727,05.03.02 География,ЕГФ,Методы географических исследований,191,Не сдал
Гусев И. В.,Муж,2002-09-19 00:00:00,7 (138) 067-48-24,727,05.03.02 География,ЕГФ,Методы географических исследований,191,Отлично
Гусев И. В.,Муж,1997-08-14 00:00:00,7 (573) 754-16-93,727,05.03.02 География,ЕГФ,Методы географических исследований,191,Хорошо
Гусев И. В.,Муж,2004-05-18 00:00:00,7 (401) 891-62-94,727,05.03.02 География,ЕГФ,Методы географических исследований,191,Отлично
Гусев И. В.,Жен,2003-04-03 00:00:00,7 (550) 483-39-93,727,05.03.02 География,ЕГФ,Методы географических исследований,191,Хорошо
Гусев И. В.,Жен,1998-02-24 00:00:00,7 (875) 683-47-80,727,05.03.02 География,ЕГФ,Методы географических исследований,191,Хорошо
Гусев И. В.,Муж,2000-08-16 00:00:00,7 (422) 349-73-28,727,05.03.02 География,ЕГФ,Методы географических исследований,191,Удовлетворительно
Гусев И. В.,Жен,2001-02-06 00:00:00,7 (363) 176-33-86,727,05.03.02 География,ЕГФ,Методы географических исследований,191,Хорошо
Полякова А. В.,Муж,1998-07-10 00:00:00,7 (200) 468-55-75,727,05.03.02 География,ЕГФ,Палеогеография,193,Отлично
Полякова А. В.,Жен,1999-03-05 00:00:00,7 (590) 018-14-90,727,05.03.02 География,ЕГФ,Палеогеография,193,Не сдал
Полякова А. В.,Жен,2004-10-21 00:00:00,7 (814) 825-82-08,727,05.03.02 География,ЕГФ,Палеогеография,193,Удовлетворительно
Полякова А. В.,Муж,2002-09-19 00:00:00,7 (138) 067-48-24,727,05.03.02 География,ЕГФ,Палеогеография,193,Отлично
Полякова А. В.,Муж,1997-08-14 00:00:00,7 (573) 754-16-93,727,05.03.02 География,ЕГФ,Палеогеография,193,Хорошо
Полякова А. В.,Муж,2004-05-18 00:00:00,7 (401) 891-62-94,727,05.03.02 География,ЕГФ,Палеогеография,193,Хорошо
Полякова А. В.,Жен,2003-04-03 00:00:00,7 (550) 483-39-93,727,05.03.02 География,ЕГФ,Палеогеография,193,Отлично
Полякова А. В.,Жен,1998-02-24 00:00:00,7 (875) 683-47-80,727,05.03.02 География,ЕГФ,Палеогеография,193,Хорошо
Полякова А. В.,Муж,2000-08-16 00:00:00,7 (422) 349-73-28,727,05.03.02 География,ЕГФ,Палеогеография,193,Хорошо
Полякова А. В.,Жен,2001-02-06 00:00:00,7 (363) 176-33-86,727,05.03.02 География,ЕГФ,Палеогеография,193,Хорошо
Сазонов Л. В.,Муж,2002-07-28 00:00:00,7 (457) 983-54-02,1627,44.03.05 Педагогическое образование (с двумя профилями подготовки),ППФ,Безопасность жизнедеятельности,1451,Не сдал
Сазонов Л. В.,Муж,2002-02-07 00:00:00,7 (681) 328-50-42,1627,44.03.05 Педагогическое образование (с двумя профилями подготовки),ППФ,Безопасность жизнедеятельности,1451,Отлично
Сазонов Л. В.,Муж,2001-09-09 00:00:00,7 (753) 685-41-12,1627,44.03.05 Педагогическое образование (с двумя профилями подготовки),ППФ,Безопасность жизнедеятельности,1451,Не сдал
Сазонов Л. В.,Муж,2003-02-12 00:00:00,7 (299) 005-66-37,1627,44.03.05 Педагогическое образование (с двумя профилями подготовки),ППФ,Безопасность жизнедеятельности,1451,Удовлетворительно
Сазонов Л. В.,Муж,2003-06-29 00:00:00,7 (936) 024-31-96,1627,44.03.05 Педагогическое образование (с двумя профилями подготовки),ППФ,Безопасность жизнедеятельности,1451,Хорошо
Сазонов Л. В.,Муж,2001-07-05 00:00:00,7 (776) 549-46-89,1627,44.03.05 Педагогическое образование (с двумя профилями подготовки),ППФ,Безопасность жизнедеятельности,1451,Отлично
Сазонов Л. В.,Муж,2001-08-05 00:00:00,7 (990) 768-28-92,1627,44.03.05 Педагогическое образование (с двумя профилями подготовки),ППФ,Безопасность жизнедеятельности,1451,Удовлетворительно
Сазонов Л. В.,Жен,2002-06-14 00:00:00,7 (985) 350-52-07,1627,44.03.05 Педагогическое образование (с двумя профилями подготовки),ППФ,Безопасность жизнедеятельности,1451,Хорошо
Щербакова В. А.,Муж,2002-07-28 00:00:00,7 (457) 983-54-02,1627,44.03.05 Педагогическое образование (с двумя профилями подготовки),ППФ,Методика преподавания плавания,1454,Отлично
Щербакова В. А.,Муж,2002-02-07 00:00:00,7 (681) 328-50-42,1627,44.03.05 Педагогическое образование (с двумя профилями подготовки),ППФ,Методика преподавания плавания,1454,Хорошо
Щербакова В. А.,Муж,2001-09-09 00:00:00,7 (753) 685-41-12,1627,44.03.05 Педагогическое образование (с двумя профилями подготовки),ППФ,Методика преподавания плавания,1454,Хорошо
Щербакова В. А.,Жен,2003-02-14 00:00:00,7 (691) 550-59-56,1627,44.03.05 Педагогическое образование (с двумя профилями подготовки),ППФ,Методика преподавания плавания,1454,Отлично
Щербакова В. А.,Муж,2002-04-22 00:00:00,7 (473) 345-84-15,1627,44.03.05 Педагогическое образование (с двумя профилями подготовки),ППФ,Методика преподавания плавания,1454,Отлично
Щербакова В. А.,Муж,2003-02-12 00:00:00,7 (299) 005-66-37,1627,44.03.05 Педагогическое образование (с двумя профилями подготовки),ППФ,Методика преподавания плавания,1454,Хорошо
Щербакова В. А.,Муж,2003-06-29 00:00:00,7 (936) 024-31-96,1627,44.03.05 Педагогическое образование (с двумя профилями подготовки),ППФ,Методика преподавания плавания,1454,Отлично
Щербакова В. А.,Муж,2001-07-05 00:00:00,7 (776) 549-46-89,1627,44.03.05 Педагогическое образование (с двумя профилями подготовки),ППФ,Методика преподавания плавания,1454,Отлично
Щербакова В. А.,Муж,2001-08-05 00:00:00,7 (990) 768-28-92,1627,44.03.05 Педагогическое образование (с двумя профилями подготовки),ППФ,Методика преподавания плавания,1454,Хорошо
Щербакова В. А.,Жен,2002-06-14 00:00:00,7 (985) 350-52-07,1627,44.03.05 Педагогическое образование (с двумя профилями подготовки),ППФ,Методика преподавания плавания,1454,Хорошо
Смирнов М. Г.,Муж,2002-07-28 00:00:00,7 (457) 983-54-02,1627,44.03.05 Педагогическое образование (с двумя профилями подготовки),ППФ,Национальные виды спорта,1455,Хорошо
Смирнов М. Г.,Муж,2002-02-07 00:00:00,7 (681) 328-50-42,1627,44.03.05 Педагогическое образование (с двумя профилями подготовки),ППФ,Национальные виды спорта,1455,Отлично
Смирнов М. Г.,Муж,2001-09-09 00:00:00,7 (753) 685-41-12,1627,44.03.05 Педагогическое образование (с двумя профилями подготовки),ППФ,Национальные виды спорта,1455,Отлично
Смирнов М. Г.,Жен,2003-02-14 00:00:00,7 (691) 550-59-56,1627,44.03.05 Педагогическое образование (с двумя профилями подготовки),ППФ,Национальные виды спорта,1455,Хорошо
Смирнов М. Г.,Муж,2002-04-22 00:00:00,7 (473) 345-84-15,1627,44.03.05 Педагогическое образование (с двумя профилями подготовки),ППФ,Национальные виды спорта,1455,Отлично
Смирнов М. Г.,Муж,2003-02-12 00:00:00,7 (299) 005-66-37,1627,44.03.05 Педагогическое образование (с двумя профилями подготовки),ППФ,Национальные виды спорта,1455,Отлично
Смирнов М. Г.,Муж,2003-06-29 00:00:00,7 (936) 024-31-96,1627,44.03.05 Педагогическое образование (с двумя профилями подготовки),ППФ,Национальные виды спорта,1455,Хорошо
Смирнов М. Г.,Муж,2001-07-05 00:00:00,7 (776) 549-46-89,1627,44.03.05 Педагогическое образование (с двумя профилями подготовки),ППФ,Национальные виды спорта,1455,Хорошо
Смирнов М. Г.,Муж,2001-08-05 00:00:00,7 (990) 768-28-92,1627,44.03.05 Педагогическое образование (с двумя профилями подготовки),ППФ,Национальные виды спорта,1455,Отлично
Смирнов М. Г.,Жен,2002-06-14 00:00:00,7 (985) 350-52-07,1627,44.03.05 Педагогическое образование (с двумя профилями подготовки),ППФ,Национальные виды спорта,1455,Хорошо
Сазонов Л. В.,Муж,2002-07-28 00:00:00,7 (457) 983-54-02,1627,44.03.05 Педагогическое образование (с двумя профилями подготовки),ППФ,Опасные ситуации природного и техногенного характера,1457,Не сдал
Сазонов Л. В.,Муж,2002-02-07 00:00:00,7 (681) 328-50-42,1627,44.03.05 Педагогическое образование (с двумя профилями подготовки),ППФ,Опасные ситуации природного и техногенного характера,1457,Отлично
Сазонов Л. В.,Муж,2001-09-09 00:00:00,7 (753) 685-41-12,1627,44.03.05 Педагогическое образование (с двумя профилями подготовки),ППФ,Опасные ситуации природного и техногенного характера,1457,Удовлетворительно
Сазонов Л. В.,Жен,2003-02-14 00:00:00,7 (691) 550-59-56,1627,44.03.05 Педагогическое образование (с двумя профилями подготовки),ППФ,Опасные ситуации природного и техногенного характера,1457,Отлично
Сазонов Л. В.,Муж,2002-04-22 00:00:00,7 (473) 345-84-15,1627,44.03.05 Педагогическое образование (с двумя профилями подготовки),ППФ,Опасные ситуации природного и техногенного характера,1457,Не сдал
Сазонов Л. В.,Муж,2003-02-12 00:00:00,7 (299) 005-66-37,1627,44.03.05 Педагогическое образование (с двумя профилями подготовки),ППФ,Опасные ситуации природного и техногенного характера,1457,Не сдал
Сазонов Л. В.,Муж,2003-06-29 00:00:00,7 (936) 024-31-96,1627,44.03.05 Педагогическое образование (с двумя профилями подготовки),ППФ,Опасные ситуации природного и техногенного характера,1457,Удовлетворительно
Сазонов Л. В.,Муж,2001-07-05 00:00:00,7 (776) 549-46-89,1627,44.03.05 Педагогическое образование (с двумя профилями подготовки),ППФ,Опасные ситуации природного и техногенного характера,1457,Отлично
Сазонов Л. В.,Муж,2001-08-05 00:00:00,7 (990) 768-28-92,1627,44.03.05 Педагогическое образование (с двумя профилями подготовки),ППФ,Опасные ситуации природного и техногенного характера,1457,Удовлетворительно
Сазонов Л. В.,Жен,2002-06-14 00:00:00,7 (985) 350-52-07,1627,44.03.05 Педагогическое образование (с двумя профилями подготовки),ППФ,Опасные ситуации природного и техногенного характера,1457,Хорошо
Волков Р. Р.,Муж,2002-10-14 00:00:00,7 (244) 704-10-96,1628,44.03.05 Педагогическое образование,ППФ,Гимнастика и методика преподавания,1473,Хорошо
Волков Р. Р.,Муж,2003-05-22 00:00:00,7 (481) 058-95-85,1628,44.03.05 Педагогическое образование,ППФ,Гимнастика и методика преподавания,1473,Хорошо
Волков Р. Р.,Муж,2003-12-10 00:00:00,7 (986) 458-10-54,1628,44.03.05 Педагогическое образование,ППФ,Гимнастика и методика преподавания,1473,Отлично
Волков Р. Р.,Муж,2005-03-01 00:00:00,7 (232) 772-47-40,1628,44.03.05 Педагогическое образование,ППФ,Гимнастика и методика преподавания,1473,Хорошо
Волков Р. Р.,Муж,2001-10-25 00:00:00,7 (086) 370-25-49,1628,44.03.05 Педагогическое образование,ППФ,Гимнастика и методика преподавания,1473,Хорошо
Волков Р. Р.,Муж,2003-05-19 00:00:00,7 (268) 434-43-36,1628,44.03.05 Педагогическое образование,ППФ,Гимнастика и методика преподавания,1473,Отлично
Волков Р. Р.,Муж,2004-01-17 00:00:00,7 (093) 898-81-43,1628,44.03.05 Педагогическое образование,ППФ,Гимнастика и методика преподавания,1473,Хорошо
Волков Р. Р.,Муж,2003-09-21 00:00:00,7 (979) 455-46-63,1628,44.03.05 Педагогическое образование,ППФ,Гимнастика и методика преподавания,1473,Отлично
Семин И. М.,Муж,2002-10-14 00:00:00,7 (244) 704-10-96,1628,44.03.05 Педагогическое образование,ППФ,История физической культуры и спорта,1476,Отлично
Семин И. М.,Жен,2003-05-14 00:00:00,7 (648) 561-99-48,1628,44.03.05 Педагогическое образование,ППФ,История физической культуры и спорта,1476,Хорошо
Семин И. М.,Муж,2003-05-22 00:00:00,7 (481) 058-95-85,1628,44.03.05 Педагогическое образование,ППФ,История физической культуры и спорта,1476,Не сдал
Семин И. М.,Муж,2003-12-10 00:00:00,7 (986) 458-10-54,1628,44.03.05 Педагогическое образование,ППФ,История физической культуры и спорта,1476,Хорошо
Семин И. М.,Муж,2005-03-01 00:00:00,7 (232) 772-47-40,1628,44.03.05 Педагогическое образование,ППФ,История физической культуры и спорта,1476,Хорошо
Семин И. М.,Муж,2001-10-25 00:00:00,7 (086) 370-25-49,1628,44.03.05 Педагогическое образование,ППФ,История физической культуры и спорта,1476,Не сдал
Семин И. М.,Муж,2003-05-19 00:00:00,7 (268) 434-43-36,1628,44.03.05 Педагогическое образование,ППФ,История физической культуры и спорта,1476,Хорошо
Семин И. М.,Муж,2004-01-17 00:00:00,7 (093) 898-81-43,1628,44.03.05 Педагогическое образование,ППФ,История физической культуры и спорта,1476,Отлично
Семин И. М.,Жен,2002-07-30 00:00:00,7 (197) 053-89-12,1628,44.03.05 Педагогическое образование,ППФ,История физической культуры и спорта,1476,Отлично
Семин И. М.,Муж,2003-09-21 00:00:00,7 (979) 455-46-63,1628,44.03.05 Педагогическое образование,ППФ,История физической культуры и спорта,1476,Хорошо
Тихонов М. Ф.,Муж,2002-10-14 00:00:00,7 (244) 704-10-96,1628,44.03.05 Педагогическое образование,ППФ,Опасные ситуации природного характера,1478,Хорошо
Тихонов М. Ф.,Жен,2003-05-14 00:00:00,7 (648) 561-99-48,1628,44.03.05 Педагогическое образование,ППФ,Опасные ситуации природного характера,1478,Отлично
Тихонов М. Ф.,Муж,2003-05-22 00:00:00,7 (481) 058-95-85,1628,44.03.05 Педагогическое образование,ППФ,Опасные ситуации природного характера,1478,Не сдал
Тихонов М. Ф.,Муж,2003-12-10 00:00:00,7 (986) 458-10-54,1628,44.03.05 Педагогическое образование,ППФ,Опасные ситуации природного характера,1478,Хорошо
Тихонов М. Ф.,Муж,2005-03-01 00:00:00,7 (232) 772-47-40,1628,44.03.05 Педагогическое образование,ППФ,Опасные ситуации природного характера,1478,Хорошо
Тихонов М. Ф.,Муж,2001-10-25 00:00:00,7 (086) 370-25-49,1628,44.03.05 Педагогическое образование,ППФ,Опасные ситуации природного характера,1478,Не сдал
Тихонов М. Ф.,Муж,2003-05-19 00:00:00,7 (268) 434-43-36,1628,44.03.05 Педагогическое образование,ППФ,Опасные ситуации природного характера,1478,Отлично
Тихонов М. Ф.,Муж,2004-01-17 00:00:00,7 (093) 898-81-43,1628,44.03.05 Педагогическое образование,ППФ,Опасные ситуации природного характера,1478,Хорошо
Тихонов М. Ф.,Жен,2002-07-30 00:00:00,7 (197) 053-89-12,1628,44.03.05 Педагогическое образование,ППФ,Опасные ситуации природного характера,1478,Отлично
Тихонов М. Ф.,Муж,2003-09-21 00:00:00,7 (979) 455-46-63,1628,44.03.05 Педагогическое образование,ППФ,Опасные ситуации природного характера,1478,Удовлетворительно
Тихонов М. Ф.,Муж,2002-10-14 00:00:00,7 (244) 704-10-96,1628,44.03.05 Педагогическое образование,ППФ,Опасные ситуации техногенного характера,1479,Отлично
Тихонов М. Ф.,Жен,2003-05-14 00:00:00,7 (648) 561-99-48,1628,44.03.05 Педагогическое образование,ППФ,Опасные ситуации техногенного характера,1479,Хорошо
Тихонов М. Ф.,Муж,2003-05-22 00:00:00,7 (481) 058-95-85,1628,44.03.05 Педагогическое образование,ППФ,Опасные ситуации техногенного характера,1479,Удовлетворительно
Тихонов М. Ф.,Муж,2003-12-10 00:00:00,7 (986) 458-10-54,1628,44.03.05 Педагогическое образование,ППФ,Опасные ситуации техногенного характера,1479,Отлично
Тихонов М. Ф.,Муж,2005-03-01 00:00:00,7 (232) 772-47-40,1628,44.03.05 Педагогическое образование,ППФ,Опасные ситуации техногенного характера,1479,Хорошо
Тихонов М. Ф.,Муж,2001-10-25 00:00:00,7 (086) 370-25-49,1628,44.03.05 Педагогическое образование,ППФ,Опасные ситуации техногенного характера,1479,Не сдал
Тихонов М. Ф.,Муж,2003-05-19 00:00:00,7 (268) 434-43-36,1628,44.03.05 Педагогическое образование,ППФ,Опасные ситуации техногенного характера,1479,Хорошо
Тихонов М. Ф.,Муж,2004-01-17 00:00:00,7 (093) 898-81-43,1628,44.03.05 Педагогическое образование,ППФ,Опасные ситуации техногенного характера,1479,Хорошо
Тихонов М. Ф.,Жен,2002-07-30 00:00:00,7 (197) 053-89-12,1628,44.03.05 Педагогическое образование,ППФ,Опасные ситуации техногенного характера,1479,Хорошо
Тихонов М. Ф.,Муж,2003-09-21 00:00:00,7 (979) 455-46-63,1628,44.03.05 Педагогическое образование,ППФ,Опасные ситуации техногенного характера,1479,Не сдал
Богданов А. Р.,Муж,2002-10-14 00:00:00,7 (244) 704-10-96,1628,44.03.05 Педагогическое образование,ППФ,Основы российской государственности,1480,Хорошо
Богданов А. Р.,Жен,2003-05-14 00:00:00,7 (648) 561-99-48,1628,44.03.05 Педагогическое образование,ППФ,Основы российской государственности,1480,Отлично
Богданов А. Р.,Муж,2003-05-22 00:00:00,7 (481) 058-95-85,1628,44.03.05 Педагогическое образование,ППФ,Основы российской государственности,1480,Не сдал
Богданов А. Р.,Муж,2003-12-10 00:00:00,7 (986) 458-10-54,1628,44.03.05 Педагогическое образование,ППФ,Основы российской государственности,1480,Хорошо
Богданов А. Р.,Муж,2005-03-01 00:00:00,7 (232) 772-47-40,1628,44.03.05 Педагогическое образование,ППФ,Основы российской государственности,1480,Отлично
Богданов А. Р.,Муж,2001-10-25 00:00:00,7 (086) 370-25-49,1628,44.03.05 Педагогическое образование,ППФ,Основы российской государственности,1480,Не сдал
Богданов А. Р.,Муж,2003-05-19 00:00:00,7 (268) 434-43-36,1628,44.03.05 Педагогическое образование,ППФ,Основы российской государственности,1480,Хорошо
Богданов А. Р.,Муж,2004-01-17 00:00:00,7 (093) 898-81-43,1628,44.03.05 Педагогическое образование,ППФ,Основы российской государственности,1480,Хорошо
Богданов А. Р.,Жен,2002-07-30 00:00:00,7 (197) 053-89-12,1628,44.03.05 Педагогическое образование,ППФ,Основы российской государственности,1480,Отлично
Богданов А. Р.,Муж,2003-09-21 00:00:00,7 (979) 455-46-63,1628,44.03.05 Педагогическое образование,ППФ,Основы российской государственности,1480,Хорошо
Колесникова В. Т.,Жен,2003-12-12 00:00:00,7 (008) 323-40-27,200,44.03.05 Педагогическое образование (с двумя профилями подготовки),ФАТ,Практика устной и письменной речи  английского языка,2344,Хорошо
Колесникова В. Т.,Жен,2003-12-06 00:00:00,7 (874) 607-15-79,200,44.03.05 Педагогическое образование (с двумя профилями подготовки),ФАТ,Практика устной и письменной речи  английского языка,2344,Хорошо
Колесникова В. Т.,Муж,2004-01-11 00:00:00,7 (174) 680-78-51,200,44.03.05 Педагогическое образование (с двумя профилями подготовки),ФАТ,Практика устной и письменной речи  английского языка,2344,Хорошо
Колесникова В. Т.,Жен,2003-04-13 00:00:00,7 (841) 741-42-33,200,44.03.05 Педагогическое образование (с двумя профилями подготовки),ФАТ,Практика устной и письменной речи  английского языка,2344,Не сдал
Колесникова В. Т.,Жен,2005-03-29 00:00:00,7 (605) 059-74-43,200,44.03.05 Педагогическое образование (с двумя профилями подготовки),ФАТ,Практика устной и письменной речи  английского языка,2344,Отлично
Колесникова В. Т.,Жен,2004-08-04 00:00:00,7 (399) 100-03-31,200,44.03.05 Педагогическое образование (с двумя профилями подготовки),ФАТ,Практика устной и письменной речи  английского языка,2344,Хорошо
Колесникова В. Т.,Жен,2006-11-11 00:00:00,7 (274) 750-47-44,200,44.03.05 Педагогическое образование (с двумя профилями подготовки),ФАТ,Практика устной и письменной речи  английского языка,2344,Хорошо
Богданов А. Н.,Жен,2003-12-12 00:00:00,7 (008) 323-40-27,200,44.03.05 Педагогическое образование (с двумя профилями подготовки),ФАТ,Практическая фонетика английского языка,2345,Хорошо
Богданов А. Н.,Жен,2003-12-06 00:00:00,7 (874) 607-15-79,200,44.03.05 Педагогическое образование (с двумя профилями подготовки),ФАТ,Практическая фонетика английского языка,2345,Отлично
Богданов А. Н.,Муж,2004-01-11 00:00:00,7 (174) 680-78-51,200,44.03.05 Педагогическое образование (с двумя профилями подготовки),ФАТ,Практическая фонетика английского языка,2345,Отлично
Богданов А. Н.,Жен,2003-04-13 00:00:00,7 (841) 741-42-33,200,44.03.05 Педагогическое образование (с двумя профилями подготовки),ФАТ,Практическая фонетика английского языка,2345,Отлично
Богданов А. Н.,Жен,2005-03-29 00:00:00,7 (605) 059-74-43,200,44.03.05 Педагогическое образование (с двумя профилями подготовки),ФАТ,Практическая фонетика английского языка,2345,Отлично
Богданов А. Н.,Жен,2004-08-04 00:00:00,7 (399) 100-03-31,200,44.03.05 Педагогическое образование (с двумя профилями подготовки),ФАТ,Практическая фонетика английского языка,2345,Хорошо
Богданов А. Н.,Жен,2006-11-11 00:00:00,7 (274) 750-47-44,200,44.03.05 Педагогическое образование (с двумя профилями подготовки),ФАТ,Практическая фонетика английского языка,2345,Не сдал
Щербаков Л. Н.,Жен,2003-12-12 00:00:00,7 (008) 323-40-27,200,44.03.05 Педагогическое образование (с двумя профилями подготовки),ФАТ,Устное народное творчество,2346,Не сдал
Щербаков Л. Н.,Жен,2003-12-06 00:00:00,7 (874) 607-15-79,200,44.03.05 Педагогическое образование (с двумя профилями подготовки),ФАТ,Устное народное творчество,2346,Хорошо
Щербаков Л. Н.,Муж,2004-01-11 00:00:00,7 (174) 680-78-51,200,44.03.05 Педагогическое образование (с двумя профилями подготовки),ФАТ,Устное народное творчество,2346,Хорошо
Щербаков Л. Н.,Жен,2003-04-13 00:00:00,7 (841) 741-42-33,200,44.03.05 Педагогическое образование (с двумя профилями подготовки),ФАТ,Устное народное творчество,2346,Хорошо
Щербаков Л. Н.,Жен,2005-03-29 00:00:00,7 (605) 059-74-43,200,44.03.05 Педагогическое образование (с двумя профилями подготовки),ФАТ,Устное народное творчество,2346,Отлично
Щербаков Л. Н.,Жен,2004-08-04 00:00:00,7 (399) 100-03-31,200,44.03.05 Педагогическое образование (с двумя профилями подготовки),ФАТ,Устное народное творчество,2346,Хорошо
Щербаков Л. Н.,Жен,2006-11-11 00:00:00,7 (274) 750-47-44,200,44.03.05 Педагогическое образование (с двумя профилями подготовки),ФАТ,Устное народное творчество,2346,Хорошо
Богданов А. Р.,Жен,2004-06-09 00:00:00,7 (130) 598-10-30,220,44.03.05 Педагогическое образование (с двумя профилями подготовки),ФАТ,Основы российской государственности,2472,Хорошо
Богданов А. Р.,Жен,2008-01-02 00:00:00,7 (998) 625-35-08,220,44.03.05 Педагогическое образование (с двумя профилями подготовки),ФАТ,Основы российской государственности,2472,Хорошо
Богданов А. Р.,Жен,2006-01-06 00:00:00,7 (758) 510-09-98,220,44.03.05 Педагогическое образование (с двумя профилями подготовки),ФАТ,Основы российской государственности,2472,Хорошо
Богданов А. Р.,Жен,2006-03-24 00:00:00,7 (923) 845-31-91,220,44.03.05 Педагогическое образование (с двумя профилями подготовки),ФАТ,Основы российской государственности,2472,Хорошо
Богданов А. Р.,Жен,2003-06-07 00:00:00,7 (434) 611-08-88,220,44.03.05 Педагогическое образование (с двумя профилями подготовки),ФАТ,Основы российской государственности,2472,Хорошо
Богданов А. Р.,Жен,2006-06-19 00:00:00,7 (703) 562-98-85,220,44.03.05 Педагогическое образование (с двумя профилями подготовки),ФАТ,Основы российской государственности,2472,Не сдал
Богданов А. Р.,Жен,2005-06-28 00:00:00,7 (533) 477-26-00,220,44.03.05 Педагогическое образование (с двумя профилями подготовки),ФАТ,Основы российской государственности,2472,Отлично
Богданов А. Р.,Жен,2006-08-06 00:00:00,7 (177) 101-91-08,220,44.03.05 Педагогическое образование (с двумя профилями подготовки),ФАТ,Основы российской государственности,2472,Не сдал
Богданов А. Р.,Жен,2004-11-12 00:00:00,7 (434) 383-72-29,220,44.03.05 Педагогическое образование (с двумя профилями подготовки),ФАТ,Основы российской государственности,2472,Хорошо
Белов И. П.,Жен,2004-06-09 00:00:00,7 (130) 598-10-30,220,44.03.05 Педагогическое образование (с двумя профилями подготовки),ФАТ,Практика устной и письменной речи,2473,Отлично
Белов И. П.,Жен,2008-01-02 00:00:00,7 (998) 625-35-08,220,44.03.05 Педагогическое образование (с двумя профилями подготовки),ФАТ,Практика устной и письменной речи,2473,Отлично
Белов И. П.,Жен,2006-01-06 00:00:00,7 (758) 510-09-98,220,44.03.05 Педагогическое образование (с двумя профилями подготовки),ФАТ,Практика устной и письменной речи,2473,Отлично
Белов И. П.,Жен,2006-03-24 00:00:00,7 (923) 845-31-91,220,44.03.05 Педагогическое образование (с двумя профилями подготовки),ФАТ,Практика устной и письменной речи,2473,Отлично
Белов И. П.,Жен,2003-06-07 00:00:00,7 (434) 611-08-88,220,44.03.05 Педагогическое образование (с двумя профилями подготовки),ФАТ,Практика устной и письменной речи,2473,Отлично
Белов И. П.,Жен,2006-06-19 00:00:00,7 (703) 562-98-85,220,44.03.05 Педагогическое образование (с двумя профилями подготовки),ФАТ,Практика устной и письменной речи,2473,Отлично
Белов И. П.,Жен,2005-06-28 00:00:00,7 (533) 477-26-00,220,44.03.05 Педагогическое образование (с двумя профилями подготовки),ФАТ,Практика устной и письменной речи,2473,Хорошо
Белов И. П.,Жен,2006-08-06 00:00:00,7 (177) 101-91-08,220,44.03.05 Педагогическое образование (с двумя профилями подготовки),ФАТ,Практика устной и письменной речи,2473,Хорошо
Белов И. П.,Жен,2004-11-12 00:00:00,7 (434) 383-72-29,220,44.03.05 Педагогическое образование (с двумя профилями подготовки),ФАТ,Практика устной и письменной речи,2473,Отлично
Синицына В. Н.,Жен,2004-06-09 00:00:00,7 (130) 598-10-30,220,44.03.05 Педагогическое образование (с двумя профилями подготовки),ФАТ,Практическая фонетика,2474,Отлично
Синицына В. Н.,Жен,2008-01-02 00:00:00,7 (998) 625-35-08,220,44.03.05 Педагогическое образование (с двумя профилями подготовки),ФАТ,Практическая фонетика,2474,Отлично
Синицына В. Н.,Жен,2006-01-06 00:00:00,7 (758) 510-09-98,220,44.03.05 Педагогическое образование (с двумя профилями подготовки),ФАТ,Практическая фонетика,2474,Хорошо
Синицына В. Н.,Жен,2006-03-24 00:00:00,7 (923) 845-31-91,220,44.03.05 Педагогическое образование (с двумя профилями подготовки),ФАТ,Практическая фонетика,2474,Отлично
Синицына В. Н.,Жен,2003-06-07 00:00:00,7 (434) 611-08-88,220,44.03.05 Педагогическое образование (с двумя профилями подготовки),ФАТ,Практическая фонетика,2474,Хорошо
Синицына В. Н.,Жен,2006-06-19 00:00:00,7 (703) 562-98-85,220,44.03.05 Педагогическое образование (с двумя профилями подготовки),ФАТ,Практическая фонетика,2474,Отлично
Синицына В. Н.,Жен,2005-06-28 00:00:00,7 (533) 477-26-00,220,44.03.05 Педагогическое образование (с двумя профилями подготовки),ФАТ,Практическая фонетика,2474,Не сдал
Синицына В. Н.,Жен,2006-08-06 00:00:00,7 (177) 101-91-08,220,44.03.05 Педагогическое образование (с двумя профилями подготовки),ФАТ,Практическая фонетика,2474,Не сдал
Синицына В. Н.,Жен,2004-11-12 00:00:00,7 (434) 383-72-29,220,44.03.05 Педагогическое образование (с двумя профилями подготовки),ФАТ,Практическая фонетика,2474,Отлично
Щербаков Л. Н.,Жен,2004-06-09 00:00:00,7 (130) 598-10-30,220,44.03.05 Педагогическое образование (с двумя профилями подготовки),ФАТ,Устное народное творчество,2475,Отлично
Щербаков Л. Н.,Жен,2008-01-02 00:00:00,7 (998) 625-35-08,220,44.03.05 Педагогическое образование (с двумя профилями подготовки),ФАТ,Устное народное творчество,2475,Отлично
Щербаков Л. Н.,Жен,2006-01-06 00:00:00,7 (758) 510-09-98,220,44.03.05 Педагогическое образование (с двумя профилями подготовки),ФАТ,Устное народное творчество,2475,Хорошо
Щербаков Л. Н.,Жен,2006-03-24 00:00:00,7 (923) 845-31-91,220,44.03.05 Педагогическое образование (с двумя профилями подготовки),ФАТ,Устное народное творчество,2475,Хорошо
Щербаков Л. Н.,Жен,2003-06-07 00:00:00,7 (434) 611-08-88,220,44.03.05 Педагогическое образование (с двумя профилями подготовки),ФАТ,Устное народное творчество,2475,Хорошо
Щербаков Л. Н.,Жен,2006-06-19 00:00:00,7 (703) 562-98-85,220,44.03.05 Педагогическое образование (с двумя профилями подготовки),ФАТ,Устное народное творчество,2475,Отлично
Щербаков Л. Н.,Жен,2005-06-28 00:00:00,7 (533) 477-26-00,220,44.03.05 Педагогическое образование (с двумя профилями подготовки),ФАТ,Устное народное творчество,2475,Отлично
Щербаков Л. Н.,Жен,2006-08-06 00:00:00,7 (177) 101-91-08,220,44.03.05 Педагогическое образование (с двумя профилями подготовки),ФАТ,Устное народное творчество,2475,Отлично
Щербаков Л. Н.,Жен,2004-11-12 00:00:00,7 (434) 383-72-29,220,44.03.05 Педагогическое образование (с двумя профилями подготовки),ФАТ,Устное народное творчество,2475,Отлично
Сазонов Л. В.,Жен,2003-04-14 00:00:00,7 (002) 402-64-92,937,44.03.05 Педагогическое образование (с двумя профилями подготовки),ИФФ,Безопасность жизнедеятельности,3053,Отлично
Сазонов Л. В.,Жен,2002-10-11 00:00:00,7 (144) 624-09-08,937,44.03.05 Педагогическое образование (с двумя профилями подготовки),ИФФ,Безопасность жизнедеятельности,3053,Хорошо
Сазонов Л. В.,Жен,2003-04-15 00:00:00,7 (591) 825-82-85,937,44.03.05 Педагогическое образование (с двумя профилями подготовки),ИФФ,Безопасность жизнедеятельности,3053,Хорошо
Сазонов Л. В.,Жен,2003-02-25 00:00:00,7 (649) 136-34-26,937,44.03.05 Педагогическое образование (с двумя профилями подготовки),ИФФ,Безопасность жизнедеятельности,3053,Хорошо
Сазонов Л. В.,Жен,2005-09-29 00:00:00,7 (340) 696-35-65,937,44.03.05 Педагогическое образование (с двумя профилями подготовки),ИФФ,Безопасность жизнедеятельности,3053,Не сдал
Сазонов Л. В.,Жен,2004-01-11 00:00:00,7 (559) 436-11-62,937,44.03.05 Педагогическое образование (с двумя профилями подготовки),ИФФ,Безопасность жизнедеятельности,3053,Хорошо
Сазонов Л. В.,Жен,2002-06-15 00:00:00,7 (299) 796-86-10,937,44.03.05 Педагогическое образование (с двумя профилями подготовки),ИФФ,Безопасность жизнедеятельности,3053,Хорошо
Сазонов Л. В.,Жен,2005-09-02 00:00:00,7 (612) 871-06-40,937,44.03.05 Педагогическое образование (с двумя профилями подготовки),ИФФ,Безопасность жизнедеятельности,3053,Отлично
Сазонов Л. В.,Жен,2005-12-15 00:00:00,7 (576) 600-93-30,937,44.03.05 Педагогическое образование (с двумя профилями подготовки),ИФФ,Безопасность жизнедеятельности,3053,Отлично
Сазонов Л. В.,Жен,2004-05-30 00:00:00,7 (921) 295-26-75,937,44.03.05 Педагогическое образование (с двумя профилями подготовки),ИФФ,Безопасность жизнедеятельности,3053,Отлично
Виноградова Н. А.,Жен,2003-04-14 00:00:00,7 (002) 402-64-92,937,44.03.05 Педагогическое образование (с двумя профилями подготовки),ИФФ,Практика устной и письменной речи английского языка,3058,Отлично
Виноградова Н. А.,Жен,2002-10-11 00:00:00,7 (144) 624-09-08,937,44.03.05 Педагогическое образование (с двумя профилями подготовки),ИФФ,Практика устной и письменной речи английского языка,3058,Отлично
Виноградова Н. А.,Жен,2003-04-15 00:00:00,7 (591) 825-82-85,937,44.03.05 Педагогическое образование (с двумя профилями подготовки),ИФФ,Практика устной и письменной речи английского языка,3058,Не сдал
Виноградова Н. А.,Жен,2003-02-25 00:00:00,7 (649) 136-34-26,937,44.03.05 Педагогическое образование (с двумя профилями подготовки),ИФФ,Практика устной и письменной речи английского языка,3058,Не сдал
Виноградова Н. А.,Жен,2005-09-29 00:00:00,7 (340) 696-35-65,937,44.03.05 Педагогическое образование (с двумя профилями подготовки),ИФФ,Практика устной и письменной речи английского языка,3058,Хорошо
Виноградова Н. А.,Жен,2004-01-11 00:00:00,7 (559) 436-11-62,937,44.03.05 Педагогическое образование (с двумя профилями подготовки),ИФФ,Практика устной и письменной речи английского языка,3058,Хорошо
Виноградова Н. А.,Жен,2002-06-15 00:00:00,7 (299) 796-86-10,937,44.03.05 Педагогическое образование (с двумя профилями подготовки),ИФФ,Практика устной и письменной речи английского языка,3058,Хорошо
Виноградова Н. А.,Жен,2005-09-02 00:00:00,7 (612) 871-06-40,937,44.03.05 Педагогическое образование (с двумя профилями подготовки),ИФФ,Практика устной и письменной речи английского языка,3058,Отлично
Виноградова Н. А.,Жен,2005-12-15 00:00:00,7 (576) 600-93-30,937,44.03.05 Педагогическое образование (с двумя профилями подготовки),ИФФ,Практика устной и письменной речи английского языка,3058,Отлично
Виноградова Н. А.,Жен,2004-05-30 00:00:00,7 (921) 295-26-75,937,44.03.05 Педагогическое образование (с двумя профилями подготовки),ИФФ,Практика устной и письменной речи английского языка,3058,Отлично
Синицына В. Н.,Жен,2003-04-14 00:00:00,7 (002) 402-64-92,937,44.03.05 Педагогическое образование (с двумя профилями подготовки),ИФФ,Практическая грамматика,3059,Отлично
Синицына В. Н.,Жен,2002-10-11 00:00:00,7 (144) 624-09-08,937,44.03.05 Педагогическое образование (с двумя профилями подготовки),ИФФ,Практическая грамматика,3059,Отлично
Синицына В. Н.,Жен,2003-04-15 00:00:00,7 (591) 825-82-85,937,44.03.05 Педагогическое образование (с двумя профилями подготовки),ИФФ,Практическая грамматика,3059,Не сдал
Синицына В. Н.,Жен,2003-02-25 00:00:00,7 (649) 136-34-26,937,44.03.05 Педагогическое образование (с двумя профилями подготовки),ИФФ,Практическая грамматика,3059,Не сдал
Синицына В. Н.,Жен,2005-09-29 00:00:00,7 (340) 696-35-65,937,44.03.05 Педагогическое образование (с двумя профилями подготовки),ИФФ,Практическая грамматика,3059,Удовлетворительно
Синицына В. Н.,Жен,2004-01-11 00:00:00,7 (559) 436-11-62,937,44.03.05 Педагогическое образование (с двумя профилями подготовки),ИФФ,Практическая грамматика,3059,Удовлетворительно
Синицына В. Н.,Жен,2002-06-15 00:00:00,7 (299) 796-86-10,937,44.03.05 Педагогическое образование (с двумя профилями подготовки),ИФФ,Практическая грамматика,3059,Хорошо
Синицына В. Н.,Жен,2005-09-02 00:00:00,7 (612) 871-06-40,937,44.03.05 Педагогическое образование (с двумя профилями подготовки),ИФФ,Практическая грамматика,3059,Хорошо
Синицына В. Н.,Жен,2005-12-15 00:00:00,7 (576) 600-93-30,937,44.03.05 Педагогическое образование (с двумя профилями подготовки),ИФФ,Практическая грамматика,3059,Хорошо
Синицына В. Н.,Жен,2004-05-30 00:00:00,7 (921) 295-26-75,937,44.03.05 Педагогическое образование (с двумя профилями подготовки),ИФФ,Практическая грамматика,3059,Хорошо
Рубцова П. Т.,Жен,2003-04-14 00:00:00,7 (002) 402-64-92,937,44.03.05 Педагогическое образование (с двумя профилями подготовки),ИФФ,Современный русский язык,3061,Хорошо
Рубцова П. Т.,Жен,2002-10-11 00:00:00,7 (144) 624-09-08,937,44.03.05 Педагогическое образование (с двумя профилями подготовки),ИФФ,Современный русский язык,3061,Хорошо
Рубцова П. Т.,Жен,2003-04-15 00:00:00,7 (591) 825-82-85,937,44.03.05 Педагогическое образование (с двумя профилями подготовки),ИФФ,Современный русский язык,3061,Не сдал
Рубцова П. Т.,Жен,2003-02-25 00:00:00,7 (649) 136-34-26,937,44.03.05 Педагогическое образование (с двумя профилями подготовки),ИФФ,Современный русский язык,3061,Удовлетворительно
Рубцова П. Т.,Жен,2005-09-29 00:00:00,7 (340) 696-35-65,937,44.03.05 Педагогическое образование (с двумя профилями подготовки),ИФФ,Современный русский язык,3061,Не сдал
Рубцова П. Т.,Жен,2004-01-11 00:00:00,7 (559) 436-11-62,937,44.03.05 Педагогическое образование (с двумя профилями подготовки),ИФФ,Современный русский язык,3061,Удовлетворительно
Рубцова П. Т.,Жен,2002-06-15 00:00:00,7 (299) 796-86-10,937,44.03.05 Педагогическое образование (с двумя профилями подготовки),ИФФ,Современный русский язык,3061,Хорошо
Рубцова П. Т.,Жен,2005-09-02 00:00:00,7 (612) 871-06-40,937,44.03.05 Педагогическое образование (с двумя профилями подготовки),ИФФ,Современный русский язык,3061,Хорошо
Рубцова П. Т.,Жен,2005-12-15 00:00:00,7 (576) 600-93-30,937,44.03.05 Педагогическое образование (с двумя профилями подготовки),ИФФ,Современный русский язык,3061,Отлично
Рубцова П. Т.,Жен,2004-05-30 00:00:00,7 (921) 295-26-75,937,44.03.05 Педагогическое образование (с двумя профилями подготовки),ИФФ,Современный русский язык,3061,Хорошо
Макарова М. Г.,Жен,2003-04-14 00:00:00,7 (002) 402-64-92,937,44.03.05 Педагогическое образование (с двумя профилями подготовки),ИФФ,Старославянский язык,3062,Хорошо
Макарова М. Г.,Жен,2002-10-11 00:00:00,7 (144) 624-09-08,937,44.03.05 Педагогическое образование (с двумя профилями подготовки),ИФФ,Старославянский язык,3062,Отлично
Макарова М. Г.,Жен,2003-04-15 00:00:00,7 (591) 825-82-85,937,44.03.05 Педагогическое образование (с двумя профилями подготовки),ИФФ,Старославянский язык,3062,Хорошо
Макарова М. Г.,Жен,2003-02-25 00:00:00,7 (649) 136-34-26,937,44.03.05 Педагогическое образование (с двумя профилями подготовки),ИФФ,Старославянский язык,3062,Хорошо
Макарова М. Г.,Жен,2005-09-29 00:00:00,7 (340) 696-35-65,937,44.03.05 Педагогическое образование (с двумя профилями подготовки),ИФФ,Старославянский язык,3062,Не сдал
Макарова М. Г.,Жен,2004-01-11 00:00:00,7 (559) 436-11-62,937,44.03.05 Педагогическое образование (с двумя профилями подготовки),ИФФ,Старославянский язык,3062,Не сдал
Макарова М. Г.,Жен,2002-06-15 00:00:00,7 (299) 796-86-10,937,44.03.05 Педагогическое образование (с двумя профилями подготовки),ИФФ,Старославянский язык,3062,Отлично
Макарова М. Г.,Жен,2005-09-02 00:00:00,7 (612) 871-06-40,937,44.03.05 Педагогическое образование (с двумя профилями подготовки),ИФФ,Старославянский язык,3062,Хорошо
Макарова М. Г.,Жен,2005-12-15 00:00:00,7 (576) 600-93-30,937,44.03.05 Педагогическое образование (с двумя профилями подготовки),ИФФ,Старославянский язык,3062,Хорошо
Макарова М. Г.,Жен,2004-05-30 00:00:00,7 (921) 295-26-75,937,44.03.05 Педагогическое образование (с двумя профилями подготовки),ИФФ,Старославянский язык,3062,Хорошо
Головин Р. В.,Жен,2003-04-14 00:00:00,7 (002) 402-64-92,937,44.03.05 Педагогическое образование (с двумя профилями подготовки),ИФФ,Философия,3064,Хорошо
Головин Р. В.,Жен,2002-10-11 00:00:00,7 (144) 624-09-08,937,44.03.05 Педагогическое образование (с двумя профилями подготовки),ИФФ,Философия,3064,Хорошо
Головин Р. В.,Жен,2003-04-15 00:00:00,7 (591) 825-82-85,937,44.03.05 Педагогическое образование (с двумя профилями подготовки),ИФФ,Философия,3064,Не сдал
Головин Р. В.,Жен,2003-02-25 00:00:00,7 (649) 136-34-26,937,44.03.05 Педагогическое образование (с двумя профилями подготовки),ИФФ,Философия,3064,Удовлетворительно
Головин Р. В.,Жен,2005-09-29 00:00:00,7 (340) 696-35-65,937,44.03.05 Педагогическое образование (с двумя профилями подготовки),ИФФ,Философия,3064,Не сдал
Головин Р. В.,Жен,2004-01-11 00:00:00,7 (559) 436-11-62,937,44.03.05 Педагогическое образование (с двумя профилями подготовки),ИФФ,Философия,3064,Хорошо
Головин Р. В.,Жен,2002-06-15 00:00:00,7 (299) 796-86-10,937,44.03.05 Педагогическое образование (с двумя профилями подготовки),ИФФ,Философия,3064,Хорошо
Головин Р. В.,Жен,2005-09-02 00:00:00,7 (612) 871-06-40,937,44.03.05 Педагогическое образование (с двумя профилями подготовки),ИФФ,Философия,3064,Отлично
Головин Р. В.,Жен,2005-12-15 00:00:00,7 (576) 600-93-30,937,44.03.05 Педагогическое образование (с двумя профилями подготовки),ИФФ,Философия,3064,Отлично
Головин Р. В.,Жен,2004-05-30 00:00:00,7 (921) 295-26-75,937,44.03.05 Педагогическое образование (с двумя профилями подготовки),ИФФ,Философия,3064,Отлично
Захарова К. Я.,Жен,2001-05-20 00:00:00,7 (923) 827-62-88,938,44.03.05 Педагогическое образование (с двумя профилями подготовки),ИФФ,Введение в литературоведение,3083,Хорошо
Захарова К. Я.,Жен,2005-09-07 00:00:00,7 (345) 891-50-95,938,44.03.05 Педагогическое образование (с двумя профилями подготовки),ИФФ,Введение в литературоведение,3083,Отлично
Захарова К. Я.,Муж,1999-11-08 00:00:00,7 (879) 797-15-29,938,44.03.05 Педагогическое образование (с двумя профилями подготовки),ИФФ,Введение в литературоведение,3083,Хорошо
Захарова К. Я.,Жен,2003-10-26 00:00:00,7 (903) 122-18-69,938,44.03.05 Педагогическое образование (с двумя профилями подготовки),ИФФ,Введение в литературоведение,3083,Хорошо
Захарова К. Я.,Жен,2004-03-21 00:00:00,7 (415) 631-38-84,938,44.03.05 Педагогическое образование (с двумя профилями подготовки),ИФФ,Введение в литературоведение,3083,Хорошо
Захарова К. Я.,Жен,2000-08-22 00:00:00,7 (401) 174-66-48,938,44.03.05 Педагогическое образование (с двумя профилями подготовки),ИФФ,Введение в литературоведение,3083,Отлично
Захарова К. Я.,Жен,1999-06-03 00:00:00,7 (934) 919-33-45,938,44.03.05 Педагогическое образование (с двумя профилями подготовки),ИФФ,Введение в литературоведение,3083,Отлично
Захарова К. Я.,Жен,1999-12-03 00:00:00,7 (611) 659-54-43,938,44.03.05 Педагогическое образование (с двумя профилями подготовки),ИФФ,Введение в литературоведение,3083,Отлично
Захарова К. Я.,Жен,2004-08-09 00:00:00,7 (333) 410-58-32,938,44.03.05 Педагогическое образование (с двумя профилями подготовки),ИФФ,Введение в литературоведение,3083,Хорошо
Захарова К. Я.,Жен,2001-01-22 00:00:00,7 (602) 242-20-43,938,44.03.05 Педагогическое образование (с двумя профилями подготовки),ИФФ,Введение в литературоведение,3083,Отлично
Макарова М. Г.,Жен,2001-05-20 00:00:00,7 (923) 827-62-88,938,44.03.05 Педагогическое образование (с двумя профилями подготовки),ИФФ,Введение в славянскую филологию,3084,Хорошо
Макарова М. Г.,Жен,2005-09-07 00:00:00,7 (345) 891-50-95,938,44.03.05 Педагогическое образование (с двумя профилями подготовки),ИФФ,Введение в славянскую филологию,3084,Отлично
Макарова М. Г.,Муж,1999-11-08 00:00:00,7 (879) 797-15-29,938,44.03.05 Педагогическое образование (с двумя профилями подготовки),ИФФ,Введение в славянскую филологию,3084,Отлично
Макарова М. Г.,Жен,2003-10-26 00:00:00,7 (903) 122-18-69,938,44.03.05 Педагогическое образование (с двумя профилями подготовки),ИФФ,Введение в славянскую филологию,3084,Не сдал
Макарова М. Г.,Жен,2004-03-21 00:00:00,7 (415) 631-38-84,938,44.03.05 Педагогическое образование (с двумя профилями подготовки),ИФФ,Введение в славянскую филологию,3084,Не сдал
Макарова М. Г.,Жен,2000-08-22 00:00:00,7 (401) 174-66-48,938,44.03.05 Педагогическое образование (с двумя профилями подготовки),ИФФ,Введение в славянскую филологию,3084,Отлично
Макарова М. Г.,Жен,1999-06-03 00:00:00,7 (934) 919-33-45,938,44.03.05 Педагогическое образование (с двумя профилями подготовки),ИФФ,Введение в славянскую филологию,3084,Отлично
Макарова М. Г.,Жен,1999-12-03 00:00:00,7 (611) 659-54-43,938,44.03.05 Педагогическое образование (с двумя профилями подготовки),ИФФ,Введение в славянскую филологию,3084,Отлично
Макарова М. Г.,Жен,2004-08-09 00:00:00,7 (333) 410-58-32,938,44.03.05 Педагогическое образование (с двумя профилями подготовки),ИФФ,Введение в славянскую филологию,3084,Отлично
Макарова М. Г.,Жен,2001-01-22 00:00:00,7 (602) 242-20-43,938,44.03.05 Педагогическое образование (с двумя профилями подготовки),ИФФ,Введение в славянскую филологию,3084,Хорошо
Белов М. Л.,Жен,2001-05-20 00:00:00,7 (923) 827-62-88,938,44.03.05 Педагогическое образование (с двумя профилями подготовки),ИФФ,Введение в языкознание,3085,Отлично
Белов М. Л.,Жен,2005-09-07 00:00:00,7 (345) 891-50-95,938,44.03.05 Педагогическое образование (с двумя профилями подготовки),ИФФ,Введение в языкознание,3085,Хорошо
Белов М. Л.,Муж,1999-11-08 00:00:00,7 (879) 797-15-29,938,44.03.05 Педагогическое образование (с двумя профилями подготовки),ИФФ,Введение в языкознание,3085,Хорошо
Белов М. Л.,Жен,2003-10-26 00:00:00,7 (903) 122-18-69,938,44.03.05 Педагогическое образование (с двумя профилями подготовки),ИФФ,Введение в языкознание,3085,Отлично
Белов М. Л.,Жен,2004-03-21 00:00:00,7 (415) 631-38-84,938,44.03.05 Педагогическое образование (с двумя профилями подготовки),ИФФ,Введение в языкознание,3085,Хорошо
Белов М. Л.,Жен,2000-08-22 00:00:00,7 (401) 174-66-48,938,44.03.05 Педагогическое образование (с двумя профилями подготовки),ИФФ,Введение в языкознание,3085,Отлично
Белов М. Л.,Жен,1999-06-03 00:00:00,7 (934) 919-33-45,938,44.03.05 Педагогическое образование (с двумя профилями подготовки),ИФФ,Введение в языкознание,3085,Отлично
Белов М. Л.,Жен,1999-12-03 00:00:00,7 (611) 659-54-43,938,44.03.05 Педагогическое образование (с двумя профилями подготовки),ИФФ,Введение в языкознание,3085,Хорошо
Белов М. Л.,Жен,2004-08-09 00:00:00,7 (333) 410-58-32,938,44.03.05 Педагогическое образование (с двумя профилями подготовки),ИФФ,Введение в языкознание,3085,Хорошо
Белов М. Л.,Жен,2001-01-22 00:00:00,7 (602) 242-20-43,938,44.03.05 Педагогическое образование (с двумя профилями подготовки),ИФФ,Введение в языкознание,3085,Хорошо
Богданов А. Р.,Жен,2001-05-20 00:00:00,7 (923) 827-62-88,938,44.03.05 Педагогическое образование (с двумя профилями подготовки),ИФФ,Основы российской государственности,3091,Отлично
Богданов А. Р.,Жен,2005-09-07 00:00:00,7 (345) 891-50-95,938,44.03.05 Педагогическое образование (с двумя профилями подготовки),ИФФ,Основы российской государственности,3091,Отлично
Богданов А. Р.,Муж,1999-11-08 00:00:00,7 (879) 797-15-29,938,44.03.05 Педагогическое образование (с двумя профилями подготовки),ИФФ,Основы российской государственности,3091,Хорошо
Богданов А. Р.,Жен,2003-10-26 00:00:00,7 (903) 122-18-69,938,44.03.05 Педагогическое образование (с двумя профилями подготовки),ИФФ,Основы российской государственности,3091,Не сдал
Богданов А. Р.,Жен,2004-03-21 00:00:00,7 (415) 631-38-84,938,44.03.05 Педагогическое образование (с двумя профилями подготовки),ИФФ,Основы российской государственности,3091,Не сдал
Богданов А. Р.,Жен,2000-08-22 00:00:00,7 (401) 174-66-48,938,44.03.05 Педагогическое образование (с двумя профилями подготовки),ИФФ,Основы российской государственности,3091,Хорошо
Богданов А. Р.,Жен,1999-06-03 00:00:00,7 (934) 919-33-45,938,44.03.05 Педагогическое образование (с двумя профилями подготовки),ИФФ,Основы российской государственности,3091,Отлично
Богданов А. Р.,Жен,1999-12-03 00:00:00,7 (611) 659-54-43,938,44.03.05 Педагогическое образование (с двумя профилями подготовки),ИФФ,Основы российской государственности,3091,Хорошо
Богданов А. Р.,Жен,2004-08-09 00:00:00,7 (333) 410-58-32,938,44.03.05 Педагогическое образование (с двумя профилями подготовки),ИФФ,Основы российской государственности,3091,Хорошо
Богданов А. Р.,Жен,2001-01-22 00:00:00,7 (602) 242-20-43,938,44.03.05 Педагогическое образование (с двумя профилями подготовки),ИФФ,Основы российской государственности,3091,Отлично
Гришин Г. Б.,Жен,2001-05-20 00:00:00,7 (923) 827-62-88,938,44.03.05 Педагогическое образование (с двумя профилями подготовки),ИФФ,Устное народное творчество,3092,Отлично
Гришин Г. Б.,Жен,2005-09-07 00:00:00,7 (345) 891-50-95,938,44.03.05 Педагогическое образование (с двумя профилями подготовки),ИФФ,Устное народное творчество,3092,Хорошо
Гришин Г. Б.,Муж,1999-11-08 00:00:00,7 (879) 797-15-29,938,44.03.05 Педагогическое образование (с двумя профилями подготовки),ИФФ,Устное народное творчество,3092,Хорошо
Гришин Г. Б.,Жен,2003-10-26 00:00:00,7 (903) 122-18-69,938,44.03.05 Педагогическое образование (с двумя профилями подготовки),ИФФ,Устное народное творчество,3092,Не сдал
Гришин Г. Б.,Жен,2004-03-21 00:00:00,7 (415) 631-38-84,938,44.03.05 Педагогическое образование (с двумя профилями подготовки),ИФФ,Устное народное творчество,3092,Хорошо
Гришин Г. Б.,Жен,2000-08-22 00:00:00,7 (401) 174-66-48,938,44.03.05 Педагогическое образование (с двумя профилями подготовки),ИФФ,Устное народное творчество,3092,Хорошо
Гришин Г. Б.,Жен,1999-06-03 00:00:00,7 (934) 919-33-45,938,44.03.05 Педагогическое образование (с двумя профилями подготовки),ИФФ,Устное народное творчество,3092,Отлично
Гришин Г. Б.,Жен,1999-12-03 00:00:00,7 (611) 659-54-43,938,44.03.05 Педагогическое образование (с двумя профилями подготовки),ИФФ,Устное народное творчество,3092,Хорошо
Гришин Г. Б.,Жен,2004-08-09 00:00:00,7 (333) 410-58-32,938,44.03.05 Педагогическое образование (с двумя профилями подготовки),ИФФ,Устное народное творчество,3092,Отлично
Гришин Г. Б.,Жен,2001-01-22 00:00:00,7 (602) 242-20-43,938,44.03.05 Педагогическое образование (с двумя профилями подготовки),ИФФ,Устное народное творчество,3092,Отлично
Воронова Д. А.,Муж,2002-10-09 00:00:00,7 (693) 761-17-95,507,09.03.03 Прикладная информатика,ЭЮФ,Информационные системы в экономике,4967,Удовлетворительно
Воронова Д. А.,Муж,2003-07-27 00:00:00,7 (224) 659-01-98,507,09.03.03 Прикладная информатика,ЭЮФ,Информационные системы в экономике,4967,Отлично
Воронова Д. А.,Муж,2001-03-12 00:00:00,7 (328) 496-58-39,507,09.03.03 Прикладная информатика,ЭЮФ,Информационные системы в экономике,4967,Удовлетворительно
Воронова Д. А.,Муж,2004-01-23 00:00:00,7 (333) 916-32-09,507,09.03.03 Прикладная информатика,ЭЮФ,Информационные системы в экономике,4967,Отлично
Воронова Д. А.,Муж,2001-04-20 00:00:00,7 (824) 027-60-85,507,09.03.03 Прикладная информатика,ЭЮФ,Информационные системы в экономике,4967,Отлично
Воронова Д. А.,Жен,2002-04-23 00:00:00,7 (109) 953-91-14,507,09.03.03 Прикладная информатика,ЭЮФ,Информационные системы в экономике,4967,Отлично
Павлов И. А.,Муж,2002-10-09 00:00:00,7 (693) 761-17-95,507,09.03.03 Прикладная информатика,ЭЮФ,Микроэкономика,4968,Хорошо
Павлов И. А.,Муж,2003-07-27 00:00:00,7 (224) 659-01-98,507,09.03.03 Прикладная информатика,ЭЮФ,Микроэкономика,4968,Хорошо
Павлов И. А.,Муж,2001-03-12 00:00:00,7 (328) 496-58-39,507,09.03.03 Прикладная информатика,ЭЮФ,Микроэкономика,4968,Хорошо
Павлов И. А.,Муж,2002-03-07 00:00:00,7 (049) 095-47-07,507,09.03.03 Прикладная информатика,ЭЮФ,Микроэкономика,4968,Отлично
Павлов И. А.,Муж,2004-01-23 00:00:00,7 (333) 916-32-09,507,09.03.03 Прикладная информатика,ЭЮФ,Микроэкономика,4968,Хорошо
Павлов И. А.,Муж,2003-09-02 00:00:00,7 (719) 010-05-02,507,09.03.03 Прикладная информатика,ЭЮФ,Микроэкономика,4968,Отлично
Павлов И. А.,Муж,2001-04-20 00:00:00,7 (824) 027-60-85,507,09.03.03 Прикладная информатика,ЭЮФ,Микроэкономика,4968,Отлично
Павлов И. А.,Жен,2002-04-23 00:00:00,7 (109) 953-91-14,507,09.03.03 Прикладная информатика,ЭЮФ,Микроэкономика,4968,Хорошо
Павлов И. А.,Муж,2002-10-09 00:00:00,7 (693) 761-17-95,507,09.03.03 Прикладная информатика,ЭЮФ,Налоги и налогообложение,4969,Отлично
Павлов И. А.,Муж,2003-07-27 00:00:00,7 (224) 659-01-98,507,09.03.03 Прикладная информатика,ЭЮФ,Налоги и налогообложение,4969,Удовлетворительно
Павлов И. А.,Муж,2001-03-12 00:00:00,7 (328) 496-58-39,507,09.03.03 Прикладная информатика,ЭЮФ,Налоги и налогообложение,4969,Хорошо
Павлов И. А.,Муж,2002-03-07 00:00:00,7 (049) 095-47-07,507,09.03.03 Прикладная информатика,ЭЮФ,Налоги и налогообложение,4969,Отлично
Павлов И. А.,Муж,2004-01-23 00:00:00,7 (333) 916-32-09,507,09.03.03 Прикладная информатика,ЭЮФ,Налоги и налогообложение,4969,Хорошо
Павлов И. А.,Муж,2003-09-02 00:00:00,7 (719) 010-05-02,507,09.03.03 Прикладная информатика,ЭЮФ,Налоги и налогообложение,4969,Отлично
Павлов И. А.,Муж,2001-04-20 00:00:00,7 (824) 027-60-85,507,09.03.03 Прикладная информатика,ЭЮФ,Налоги и налогообложение,4969,Отлично
Павлов И. А.,Жен,2002-04-23 00:00:00,7 (109) 953-91-14,507,09.03.03 Прикладная информатика,ЭЮФ,Налоги и налогообложение,4969,Хорошо
Романова К. М.,Муж,2002-10-09 00:00:00,7 (693) 761-17-95,507,09.03.03 Прикладная информатика,ЭЮФ,Программирование мобильных приложений,4971,Отлично
Романова К. М.,Муж,2003-07-27 00:00:00,7 (224) 659-01-98,507,09.03.03 Прикладная информатика,ЭЮФ,Программирование мобильных приложений,4971,Отлично
Романова К. М.,Муж,2001-03-12 00:00:00,7 (328) 496-58-39,507,09.03.03 Прикладная информатика,ЭЮФ,Программирование мобильных приложений,4971,Не сдал
Романова К. М.,Муж,2002-03-07 00:00:00,7 (049) 095-47-07,507,09.03.03 Прикладная информатика,ЭЮФ,Программирование мобильных приложений,4971,Удовлетворительно
Романова К. М.,Муж,2004-01-23 00:00:00,7 (333) 916-32-09,507,09.03.03 Прикладная информатика,ЭЮФ,Программирование мобильных приложений,4971,Хорошо
Романова К. М.,Муж,2003-09-02 00:00:00,7 (719) 010-05-02,507,09.03.03 Прикладная информатика,ЭЮФ,Программирование мобильных приложений,4971,Отлично
Романова К. М.,Муж,2001-04-20 00:00:00,7 (824) 027-60-85,507,09.03.03 Прикладная информатика,ЭЮФ,Программирование мобильных приложений,4971,Отлично
Романова К. М.,Жен,2002-04-23 00:00:00,7 (109) 953-91-14,507,09.03.03 Прикладная информатика,ЭЮФ,Программирование мобильных приложений,4971,Удовлетворительно
Рогов Д. М.,Муж,2002-10-09 00:00:00,7 (693) 761-17-95,507,09.03.03 Прикладная информатика,ЭЮФ,Проектирование,4972,Отлично
Рогов Д. М.,Муж,2003-07-27 00:00:00,7 (224) 659-01-98,507,09.03.03 Прикладная информатика,ЭЮФ,Проектирование,4972,Отлично
Рогов Д. М.,Муж,2001-03-12 00:00:00,7 (328) 496-58-39,507,09.03.03 Прикладная информатика,ЭЮФ,Проектирование,4972,Хорошо
Рогов Д. М.,Муж,2002-03-07 00:00:00,7 (049) 095-47-07,507,09.03.03 Прикладная информатика,ЭЮФ,Проектирование,4972,Отлично
Рогов Д. М.,Муж,2004-01-23 00:00:00,7 (333) 916-32-09,507,09.03.03 Прикладная информатика,ЭЮФ,Проектирование,4972,Не сдал
Рогов Д. М.,Муж,2003-09-02 00:00:00,7 (719) 010-05-02,507,09.03.03 Прикладная информатика,ЭЮФ,Проектирование,4972,Отлично
Рогов Д. М.,Муж,2001-04-20 00:00:00,7 (824) 027-60-85,507,09.03.03 Прикладная информатика,ЭЮФ,Проектирование,4972,Отлично
Рогов Д. М.,Жен,2002-04-23 00:00:00,7 (109) 953-91-14,507,09.03.03 Прикладная информатика,ЭЮФ,Проектирование,4972,Не сдал
Васильев В. Е.,Муж,2002-12-01 00:00:00,7 (826) 897-63-52,512,09.03.03 Прикладная информатика,ЭЮФ,Макроэкономика,5001,Отлично
Васильев В. Е.,Муж,2004-01-28 00:00:00,7 (916) 088-83-54,512,09.03.03 Прикладная информатика,ЭЮФ,Макроэкономика,5001,Отлично
Васильев В. Е.,Жен,2002-07-13 00:00:00,7 (393) 191-88-37,512,09.03.03 Прикладная информатика,ЭЮФ,Макроэкономика,5001,Хорошо
Васильев В. Е.,Муж,2003-03-23 00:00:00,7 (869) 892-36-59,512,09.03.03 Прикладная информатика,ЭЮФ,Макроэкономика,5001,Хорошо
Васильев В. Е.,Муж,2002-04-19 00:00:00,7 (032) 530-65-39,512,09.03.03 Прикладная информатика,ЭЮФ,Макроэкономика,5001,Хорошо
Васильев В. Е.,Жен,2002-04-04 00:00:00,7 (192) 091-04-90,512,09.03.03 Прикладная информатика,ЭЮФ,Макроэкономика,5001,Отлично
Васильев В. Е.,Жен,2003-08-12 00:00:00,7 (431) 643-02-10,512,09.03.03 Прикладная информатика,ЭЮФ,Макроэкономика,5001,Отлично
Васильев В. Е.,Муж,2002-04-07 00:00:00,7 (207) 646-49-31,512,09.03.03 Прикладная информатика,ЭЮФ,Макроэкономика,5001,Отлично
Васильев В. Е.,Муж,2002-08-24 00:00:00,7 (913) 942-84-26,512,09.03.03 Прикладная информатика,ЭЮФ,Макроэкономика,5001,Отлично
Васильев В. Е.,Муж,2001-09-24 00:00:00,7 (934) 762-06-14,512,09.03.03 Прикладная информатика,ЭЮФ,Макроэкономика,5001,Отлично
Семин И. М.,Муж,2002-12-01 00:00:00,7 (826) 897-63-52,512,09.03.03 Прикладная информатика,ЭЮФ,Информационные системы в экономике,5008,Отлично
Семин И. М.,Муж,2004-01-28 00:00:00,7 (916) 088-83-54,512,09.03.03 Прикладная информатика,ЭЮФ,Информационные системы в экономике,5008,Хорошо
Семин И. М.,Жен,2002-07-13 00:00:00,7 (393) 191-88-37,512,09.03.03 Прикладная информатика,ЭЮФ,Информационные системы в экономике,5008,Не сдал
Семин И. М.,Муж,2003-03-23 00:00:00,7 (869) 892-36-59,512,09.03.03 Прикладная информатика,ЭЮФ,Информационные системы в экономике,5008,Хорошо
Семин И. М.,Муж,2002-04-19 00:00:00,7 (032) 530-65-39,512,09.03.03 Прикладная информатика,ЭЮФ,Информационные системы в экономике,5008,Отлично
Семин И. М.,Жен,2002-04-04 00:00:00,7 (192) 091-04-90,512,09.03.03 Прикладная информатика,ЭЮФ,Информационные системы в экономике,5008,Хорошо
Семин И. М.,Жен,2003-08-12 00:00:00,7 (431) 643-02-10,512,09.03.03 Прикладная информатика,ЭЮФ,Информационные системы в экономике,5008,Хорошо
Семин И. М.,Муж,2002-04-07 00:00:00,7 (207) 646-49-31,512,09.03.03 Прикладная информатика,ЭЮФ,Информационные системы в экономике,5008,Отлично
Семин И. М.,Муж,2002-08-24 00:00:00,7 (913) 942-84-26,512,09.03.03 Прикладная информатика,ЭЮФ,Информационные системы в экономике,5008,Хорошо
Семин И. М.,Муж,2001-09-24 00:00:00,7 (934) 762-06-14,512,09.03.03 Прикладная информатика,ЭЮФ,Информационные системы в экономике,5008,Удовлетворительно
Гришин Г. Б.,Муж,2002-12-01 00:00:00,7 (826) 897-63-52,512,09.03.03 Прикладная информатика,ЭЮФ,Программирование в 1С,5011,Отлично
Гришин Г. Б.,Муж,2004-01-28 00:00:00,7 (916) 088-83-54,512,09.03.03 Прикладная информатика,ЭЮФ,Программирование в 1С,5011,Хорошо
Гришин Г. Б.,Жен,2002-07-13 00:00:00,7 (393) 191-88-37,512,09.03.03 Прикладная информатика,ЭЮФ,Программирование в 1С,5011,Хорошо
Гришин Г. Б.,Муж,2003-03-23 00:00:00,7 (869) 892-36-59,512,09.03.03 Прикладная информатика,ЭЮФ,Программирование в 1С,5011,Удовлетворительно
Гришин Г. Б.,Муж,2002-04-19 00:00:00,7 (032) 530-65-39,512,09.03.03 Прикладная информатика,ЭЮФ,Программирование в 1С,5011,Не сдал
Гришин Г. Б.,Жен,2002-04-04 00:00:00,7 (192) 091-04-90,512,09.03.03 Прикладная информатика,ЭЮФ,Программирование в 1С,5011,Отлично
Гришин Г. Б.,Жен,2003-08-12 00:00:00,7 (431) 643-02-10,512,09.03.03 Прикладная информатика,ЭЮФ,Программирование в 1С,5011,Отлично
Гришин Г. Б.,Муж,2002-04-07 00:00:00,7 (207) 646-49-31,512,09.03.03 Прикладная информатика,ЭЮФ,Программирование в 1С,5011,Отлично
Гришин Г. Б.,Муж,2002-08-24 00:00:00,7 (913) 942-84-26,512,09.03.03 Прикладная информатика,ЭЮФ,Программирование в 1С,5011,Отлично
Гришин Г. Б.,Муж,2001-09-24 00:00:00,7 (934) 762-06-14,512,09.03.03 Прикладная информатика,ЭЮФ,Программирование в 1С,5011,Хорошо
Васильев В. Е.,Муж,2002-12-01 00:00:00,7 (826) 897-63-52,512,09.03.03 Прикладная информатика,ЭЮФ,Эконометрика,5012,Отлично
Васильев В. Е.,Муж,2004-01-28 00:00:00,7 (916) 088-83-54,512,09.03.03 Прикладная информатика,ЭЮФ,Эконометрика,5012,Хорошо
Васильев В. Е.,Жен,2002-07-13 00:00:00,7 (393) 191-88-37,512,09.03.03 Прикладная информатика,ЭЮФ,Эконометрика,5012,Не сдал
Васильев В. Е.,Муж,2003-03-23 00:00:00,7 (869) 892-36-59,512,09.03.03 Прикладная информатика,ЭЮФ,Эконометрика,5012,Не сдал
Васильев В. Е.,Муж,2002-04-19 00:00:00,7 (032) 530-65-39,512,09.03.03 Прикладная информатика,ЭЮФ,Эконометрика,5012,Не сдал
Васильев В. Е.,Жен,2002-04-04 00:00:00,7 (192) 091-04-90,512,09.03.03 Прикладная информатика,ЭЮФ,Эконометрика,5012,Хорошо
Васильев В. Е.,Жен,2003-08-12 00:00:00,7 (431) 643-02-10,512,09.03.03 Прикладная информатика,ЭЮФ,Эконометрика,5012,Отлично
Васильев В. Е.,Муж,2002-04-07 00:00:00,7 (207) 646-49-31,512,09.03.03 Прикладная информатика,ЭЮФ,Эконометрика,5012,Отлично
Васильев В. Е.,Муж,2002-08-24 00:00:00,7 (913) 942-84-26,512,09.03.03 Прикладная информатика,ЭЮФ,Эконометрика,5012,Отлично
Васильев В. Е.,Муж,2001-09-24 00:00:00,7 (934) 762-06-14,512,09.03.03 Прикладная информатика,ЭЮФ,Эконометрика,5012,Отлично
Давыдова М. Г.,Муж,1999-03-21 00:00:00,7 (715) 806-71-04,509,09.03.03 Прикладная информатика,ЭЮФ,Языки программирования,5070,Хорошо
Давыдова М. Г.,Муж,2004-11-21 00:00:00,7 (803) 341-55-03,509,09.03.03 Прикладная информатика,ЭЮФ,Языки программирования,5070,Отлично
Давыдова М. Г.,Муж,2001-12-29 00:00:00,7 (513) 615-27-75,509,09.03.03 Прикладная информатика,ЭЮФ,Языки программирования,5070,Хорошо
Давыдова М. Г.,Жен,2001-03-07 00:00:00,7 (723) 730-40-56,509,09.03.03 Прикладная информатика,ЭЮФ,Языки программирования,5070,Хорошо
Давыдова М. Г.,Муж,2004-08-20 00:00:00,7 (060) 032-48-48,509,09.03.03 Прикладная информатика,ЭЮФ,Языки программирования,5070,Хорошо
Давыдова М. Г.,Муж,2003-03-19 00:00:00,7 (325) 241-25-70,509,09.03.03 Прикладная информатика,ЭЮФ,Языки программирования,5070,Отлично
Давыдова М. Г.,Жен,2003-12-08 00:00:00,7 (733) 527-21-77,509,09.03.03 Прикладная информатика,ЭЮФ,Языки программирования,5070,Хорошо
Давыдова М. Г.,Муж,1999-03-20 00:00:00,7 (252) 844-07-64,509,09.03.03 Прикладная информатика,ЭЮФ,Языки программирования,5070,Хорошо
Давыдова М. Г.,Муж,2005-01-22 00:00:00,7 (906) 731-02-59,509,09.03.03 Прикладная информатика,ЭЮФ,Языки программирования,5070,Отлично
Романова А. А.,Муж,1999-03-21 00:00:00,7 (715) 806-71-04,509,09.03.03 Прикладная информатика,ЭЮФ,Дискретная математика,5071,Хорошо
Романова А. А.,Муж,2004-11-21 00:00:00,7 (803) 341-55-03,509,09.03.03 Прикладная информатика,ЭЮФ,Дискретная математика,5071,Хорошо
Романова А. А.,Муж,2001-12-29 00:00:00,7 (513) 615-27-75,509,09.03.03 Прикладная информатика,ЭЮФ,Дискретная математика,5071,Отлично
Романова А. А.,Жен,2001-03-07 00:00:00,7 (723) 730-40-56,509,09.03.03 Прикладная информатика,ЭЮФ,Дискретная математика,5071,Хорошо
Романова А. А.,Муж,2004-08-20 00:00:00,7 (060) 032-48-48,509,09.03.03 Прикладная информатика,ЭЮФ,Дискретная математика,5071,Отлично
Романова А. А.,Муж,2003-03-19 00:00:00,7 (325) 241-25-70,509,09.03.03 Прикладная информатика,ЭЮФ,Дискретная математика,5071,Хорошо
Романова А. А.,Жен,2003-12-08 00:00:00,7 (733) 527-21-77,509,09.03.03 Прикладная информатика,ЭЮФ,Дискретная математика,5071,Хорошо
Романова А. А.,Муж,1999-03-20 00:00:00,7 (252) 844-07-64,509,09.03.03 Прикладная информатика,ЭЮФ,Дискретная математика,5071,Хорошо
Романова А. А.,Муж,2005-01-22 00:00:00,7 (906) 731-02-59,509,09.03.03 Прикладная информатика,ЭЮФ,Дискретная математика,5071,Отлично
Архипова Д. З.,Муж,1999-03-21 00:00:00,7 (715) 806-71-04,509,09.03.03 Прикладная информатика,ЭЮФ,Информационные системы и технологии,5073,Отлично
Архипова Д. З.,Муж,2004-11-21 00:00:00,7 (803) 341-55-03,509,09.03.03 Прикладная информатика,ЭЮФ,Информационные системы и технологии,5073,Отлично
Архипова Д. З.,Муж,2001-12-29 00:00:00,7 (513) 615-27-75,509,09.03.03 Прикладная информатика,ЭЮФ,Информационные системы и технологии,5073,Хорошо
Архипова Д. З.,Жен,2001-03-07 00:00:00,7 (723) 730-40-56,509,09.03.03 Прикладная информатика,ЭЮФ,Информационные системы и технологии,5073,Отлично
Архипова Д. З.,Муж,2004-08-20 00:00:00,7 (060) 032-48-48,509,09.03.03 Прикладная информатика,ЭЮФ,Информационные системы и технологии,5073,Хорошо
Архипова Д. З.,Муж,2003-03-19 00:00:00,7 (325) 241-25-70,509,09.03.03 Прикладная информатика,ЭЮФ,Информационные системы и технологии,5073,Отлично
Архипова Д. З.,Жен,2003-12-08 00:00:00,7 (733) 527-21-77,509,09.03.03 Прикладная информатика,ЭЮФ,Информационные системы и технологии,5073,Удовлетворительно
Архипова Д. З.,Муж,1999-03-20 00:00:00,7 (252) 844-07-64,509,09.03.03 Прикладная информатика,ЭЮФ,Информационные системы и технологии,5073,Хорошо
Архипова Д. З.,Муж,2005-01-22 00:00:00,7 (906) 731-02-59,509,09.03.03 Прикладная информатика,ЭЮФ,Информационные системы и технологии,5073,Отлично
Лебедев Л. П.,Муж,1999-03-21 00:00:00,7 (715) 806-71-04,509,09.03.03 Прикладная информатика,ЭЮФ,Психология,5076,Отлично
Лебедев Л. П.,Муж,2004-11-21 00:00:00,7 (803) 341-55-03,509,09.03.03 Прикладная информатика,ЭЮФ,Психология,5076,Отлично
Лебедев Л. П.,Муж,2001-12-29 00:00:00,7 (513) 615-27-75,509,09.03.03 Прикладная информатика,ЭЮФ,Психология,5076,Отлично
Лебедев Л. П.,Жен,2001-03-07 00:00:00,7 (723) 730-40-56,509,09.03.03 Прикладная информатика,ЭЮФ,Психология,5076,Отлично
Лебедев Л. П.,Муж,2004-08-20 00:00:00,7 (060) 032-48-48,509,09.03.03 Прикладная информатика,ЭЮФ,Психология,5076,Отлично
Лебедев Л. П.,Муж,2003-03-19 00:00:00,7 (325) 241-25-70,509,09.03.03 Прикладная информатика,ЭЮФ,Психология,5076,Отлично
Лебедев Л. П.,Жен,2003-12-08 00:00:00,7 (733) 527-21-77,509,09.03.03 Прикладная информатика,ЭЮФ,Психология,5076,Хорошо
Лебедев Л. П.,Муж,1999-03-20 00:00:00,7 (252) 844-07-64,509,09.03.03 Прикладная информатика,ЭЮФ,Психология,5076,Отлично
Лебедев Л. П.,Муж,2005-01-22 00:00:00,7 (906) 731-02-59,509,09.03.03 Прикладная информатика,ЭЮФ,Психология,5076,Отлично
Головин Р. В.,Муж,1999-03-21 00:00:00,7 (715) 806-71-04,509,09.03.03 Прикладная информатика,ЭЮФ,Философия,5079,Хорошо
Головин Р. В.,Муж,2004-11-21 00:00:00,7 (803) 341-55-03,509,09.03.03 Прикладная информатика,ЭЮФ,Философия,5079,Отлично
Головин Р. В.,Муж,2001-12-29 00:00:00,7 (513) 615-27-75,509,09.03.03 Прикладная информатика,ЭЮФ,Философия,5079,Хорошо
Головин Р. В.,Жен,2001-03-07 00:00:00,7 (723) 730-40-56,509,09.03.03 Прикладная информатика,ЭЮФ,Философия,5079,Отлично
Головин Р. В.,Муж,2004-08-20 00:00:00,7 (060) 032-48-48,509,09.03.03 Прикладная информатика,ЭЮФ,Философия,5079,Не сдал
Головин Р. В.,Муж,2003-03-19 00:00:00,7 (325) 241-25-70,509,09.03.03 Прикладная информатика,ЭЮФ,Философия,5079,Отлично
Головин Р. В.,Жен,2003-12-08 00:00:00,7 (733) 527-21-77,509,09.03.03 Прикладная информатика,ЭЮФ,Философия,5079,Не сдал
Головин Р. В.,Муж,1999-03-20 00:00:00,7 (252) 844-07-64,509,09.03.03 Прикладная информатика,ЭЮФ,Философия,5079,Отлично
Головин Р. В.,Муж,2005-01-22 00:00:00,7 (906) 731-02-59,509,09.03.03 Прикладная информатика,ЭЮФ,Философия,5079,Не сдал
Семина К. М.,Муж,1999-03-21 00:00:00,7 (715) 806-71-04,509,09.03.03 Прикладная информатика,ЭЮФ,Финансы и кредит,5080,Хорошо
Семина К. М.,Муж,2004-11-21 00:00:00,7 (803) 341-55-03,509,09.03.03 Прикладная информатика,ЭЮФ,Финансы и кредит,5080,Отлично
Семина К. М.,Муж,2001-12-29 00:00:00,7 (513) 615-27-75,509,09.03.03 Прикладная информатика,ЭЮФ,Финансы и кредит,5080,Хорошо
Семина К. М.,Жен,2001-03-07 00:00:00,7 (723) 730-40-56,509,09.03.03 Прикладная информатика,ЭЮФ,Финансы и кредит,5080,Отлично
Семина К. М.,Муж,2004-08-20 00:00:00,7 (060) 032-48-48,509,09.03.03 Прикладная информатика,ЭЮФ,Финансы и кредит,5080,Отлично
Семина К. М.,Муж,2003-03-19 00:00:00,7 (325) 241-25-70,509,09.03.03 Прикладная информатика,ЭЮФ,Финансы и кредит,5080,Хорошо
Семина К. М.,Жен,2003-12-08 00:00:00,7 (733) 527-21-77,509,09.03.03 Прикладная информатика,ЭЮФ,Финансы и кредит,5080,Отлично
Семина К. М.,Муж,1999-03-20 00:00:00,7 (252) 844-07-64,509,09.03.03 Прикладная информатика,ЭЮФ,Финансы и кредит,5080,Хорошо
Семина К. М.,Муж,2005-01-22 00:00:00,7 (906) 731-02-59,509,09.03.03 Прикладная информатика,ЭЮФ,Финансы и кредит,5080,Отлично
Соколова Т. Л.,Жен,2003-04-11 00:00:00,7 (466) 924-19-31,510,09.03.03 Прикладная информатика,ЭЮФ,Математика,5159,Хорошо
Соколова Т. Л.,Жен,2003-01-02 00:00:00,7 (008) 563-04-46,510,09.03.03 Прикладная информатика,ЭЮФ,Математика,5159,Отлично
Соколова Т. Л.,Муж,2005-11-09 00:00:00,7 (023) 222-98-14,510,09.03.03 Прикладная информатика,ЭЮФ,Математика,5159,Хорошо
Соколова Т. Л.,Муж,2007-06-07 00:00:00,7 (951) 107-41-40,510,09.03.03 Прикладная информатика,ЭЮФ,Математика,5159,Хорошо
Соколова Т. Л.,Муж,2004-12-19 00:00:00,7 (494) 359-96-30,510,09.03.03 Прикладная информатика,ЭЮФ,Математика,5159,Хорошо
Соколова Т. Л.,Муж,2005-06-07 00:00:00,7 (468) 573-19-84,510,09.03.03 Прикладная информатика,ЭЮФ,Математика,5159,Удовлетворительно
Соколова Т. Л.,Муж,2008-01-15 00:00:00,7 (314) 015-43-73,510,09.03.03 Прикладная информатика,ЭЮФ,Математика,5159,Отлично
Соколова Т. Л.,Муж,2003-11-06 00:00:00,7 (786) 625-83-55,510,09.03.03 Прикладная информатика,ЭЮФ,Математика,5159,Отлично
Соколова Т. Л.,Муж,2005-11-07 00:00:00,7 (425) 579-83-96,510,09.03.03 Прикладная информатика,ЭЮФ,Математика,5159,Не сдал
Соколова Т. Л.,Муж,2003-02-26 00:00:00,7 (455) 094-69-17,510,09.03.03 Прикладная информатика,ЭЮФ,Математика,5159,Хорошо
Исакова А. Д.,Жен,2003-04-11 00:00:00,7 (466) 924-19-31,510,09.03.03 Прикладная информатика,ЭЮФ,Операционные системы,5160,Хорошо
Исакова А. Д.,Жен,2003-01-02 00:00:00,7 (008) 563-04-46,510,09.03.03 Прикладная информатика,ЭЮФ,Операционные системы,5160,Не сдал
Исакова А. Д.,Муж,2005-11-09 00:00:00,7 (023) 222-98-14,510,09.03.03 Прикладная информатика,ЭЮФ,Операционные системы,5160,Отлично
Исакова А. Д.,Муж,2007-06-07 00:00:00,7 (951) 107-41-40,510,09.03.03 Прикладная информатика,ЭЮФ,Операционные системы,5160,Отлично
Исакова А. Д.,Муж,2004-12-19 00:00:00,7 (494) 359-96-30,510,09.03.03 Прикладная информатика,ЭЮФ,Операционные системы,5160,Хорошо
Исакова А. Д.,Муж,2005-06-07 00:00:00,7 (468) 573-19-84,510,09.03.03 Прикладная информатика,ЭЮФ,Операционные системы,5160,Не сдал
Исакова А. Д.,Муж,2008-01-15 00:00:00,7 (314) 015-43-73,510,09.03.03 Прикладная информатика,ЭЮФ,Операционные системы,5160,Отлично
Исакова А. Д.,Муж,2003-11-06 00:00:00,7 (786) 625-83-55,510,09.03.03 Прикладная информатика,ЭЮФ,Операционные системы,5160,Отлично
Исакова А. Д.,Муж,2005-11-07 00:00:00,7 (425) 579-83-96,510,09.03.03 Прикладная информатика,ЭЮФ,Операционные системы,5160,Не сдал
Исакова А. Д.,Муж,2003-02-26 00:00:00,7 (455) 094-69-17,510,09.03.03 Прикладная информатика,ЭЮФ,Операционные системы,5160,Не сдал
Сергеев Г. Д.,Жен,2003-04-11 00:00:00,7 (466) 924-19-31,510,09.03.03 Прикладная информатика,ЭЮФ,Основы российской государственности,5161,Отлично
Сергеев Г. Д.,Жен,2003-01-02 00:00:00,7 (008) 563-04-46,510,09.03.03 Прикладная информатика,ЭЮФ,Основы российской государственности,5161,Хорошо
Сергеев Г. Д.,Муж,2005-11-09 00:00:00,7 (023) 222-98-14,510,09.03.03 Прикладная информатика,ЭЮФ,Основы российской государственности,5161,Хорошо
Сергеев Г. Д.,Муж,2007-06-07 00:00:00,7 (951) 107-41-40,510,09.03.03 Прикладная информатика,ЭЮФ,Основы российской государственности,5161,Отлично
Сергеев Г. Д.,Муж,2004-12-19 00:00:00,7 (494) 359-96-30,510,09.03.03 Прикладная информатика,ЭЮФ,Основы российской государственности,5161,Удовлетворительно
Сергеев Г. Д.,Муж,2005-06-07 00:00:00,7 (468) 573-19-84,510,09.03.03 Прикладная информатика,ЭЮФ,Основы российской государственности,5161,Не сдал
Сергеев Г. Д.,Муж,2008-01-15 00:00:00,7 (314) 015-43-73,510,09.03.03 Прикладная информатика,ЭЮФ,Основы российской государственности,5161,Отлично
Сергеев Г. Д.,Муж,2003-11-06 00:00:00,7 (786) 625-83-55,510,09.03.03 Прикладная информатика,ЭЮФ,Основы российской государственности,5161,Отлично
Сергеев Г. Д.,Муж,2005-11-07 00:00:00,7 (425) 579-83-96,510,09.03.03 Прикладная информатика,ЭЮФ,Основы российской государственности,5161,Не сдал
Сергеев Г. Д.,Муж,2003-02-26 00:00:00,7 (455) 094-69-17,510,09.03.03 Прикладная информатика,ЭЮФ,Основы российской государственности,5161,Не сдал
Архипова Д. З.,Жен,2003-04-11 00:00:00,7 (466) 924-19-31,510,09.03.03 Прикладная информатика,ЭЮФ,Экономическая теория и финансовая грамотность,5164,Хорошо
Архипова Д. З.,Жен,2003-01-02 00:00:00,7 (008) 563-04-46,510,09.03.03 Прикладная информатика,ЭЮФ,Экономическая теория и финансовая грамотность,5164,Удовлетворительно
Архипова Д. З.,Муж,2005-11-09 00:00:00,7 (023) 222-98-14,510,09.03.03 Прикладная информатика,ЭЮФ,Экономическая теория и финансовая грамотность,5164,Отлично
Архипова Д. З.,Муж,2007-06-07 00:00:00,7 (951) 107-41-40,510,09.03.03 Прикладная информатика,ЭЮФ,Экономическая теория и финансовая грамотность,5164,Отлично
Архипова Д. З.,Муж,2004-12-19 00:00:00,7 (494) 359-96-30,510,09.03.03 Прикладная информатика,ЭЮФ,Экономическая теория и финансовая грамотность,5164,Удовлетворительно
Архипова Д. З.,Муж,2005-06-07 00:00:00,7 (468) 573-19-84,510,09.03.03 Прикладная информатика,ЭЮФ,Экономическая теория и финансовая грамотность,5164,Хорошо
Архипова Д. З.,Муж,2008-01-15 00:00:00,7 (314) 015-43-73,510,09.03.03 Прикладная информатика,ЭЮФ,Экономическая теория и финансовая грамотность,5164,Отлично
Архипова Д. З.,Муж,2003-11-06 00:00:00,7 (786) 625-83-55,510,09.03.03 Прикладная информатика,ЭЮФ,Экономическая теория и финансовая грамотность,5164,Отлично
Архипова Д. З.,Муж,2005-11-07 00:00:00,7 (425) 579-83-96,510,09.03.03 Прикладная информатика,ЭЮФ,Экономическая теория и финансовая грамотность,5164,Не сдал
Архипова Д. З.,Муж,2003-02-26 00:00:00,7 (455) 094-69-17,510,09.03.03 Прикладная информатика,ЭЮФ,Экономическая теория и финансовая грамотность,5164,Удовлетворительно
