Номер,ФИО,Группа,Факультет,Преподаватель,Дисциплина,Оценка,ДатаЭкзамена,ДатаСдачи
130,Ананьев Илья Даниилович,725,ЕГФ,Головин Р. В.,Методика обучения предмету,Хорошо,20.02.2025,20.02.2025
130,Зайцева Мария Дамировна,725,ЕГФ,Головин Р. В.,Методика обучения предмету,Отлично,20.02.2025,20.02.2025
130,Комаров Павел Ильич,725,ЕГФ,Головин Р. В.,Методика обучения предмету,Отлично,20.02.2025,20.02.2025
130,Королева Вероника Данииловна,725,ЕГФ,Головин Р. В.,Методика обучения предмету,Отлично,20.02.2025,20.02.2025
130,Кудрявцева Мария Ивановна,725,ЕГФ,Головин Р. В.,Методика обучения предмету,Отлично,20.02.2025,20.02.2025
130,Никитин Дмитрий Максимович,725,ЕГФ,Головин Р. В.,Методика обучения предмету,Отлично,20.02.2025,20.02.2025
130,Петрова Ульяна Платоновна,725,ЕГФ,Головин Р. В.,Методика обучения предмету,Хорошо,20.02.2025,10.02.2025
130,Романова Анна Денисовна,725,ЕГФ,Головин Р. В.,Методика обучения предмету,Удовлетворительно,20.02.2025,10.02.2025
130,Серова Александра Максимовна,725,ЕГФ,Головин Р. В.,Методика обучения предмету,Хорошо,20.02.2025,20.02.2025
130,Тихонова Агата Ильинична,725,ЕГФ,Головин Р. В.,Методика обучения предмету,Хорошо,20.02.2025,20.02.2025
132,Ананьев Илья Даниилович,725,ЕГФ,Щербакова В. А.,Принципы организации и методики проведения экскурсий,Не сдал,24.02.2025,15.03.2025
132,Зайцева Мария Дамировна,725,ЕГФ,Щербакова В. А.,Принципы организации и методики проведения экскурсий,Отлично,24.02.2025,24.02.2025
132,Комаров Павел Ильич,725,ЕГФ,Щербакова В. А.,Принципы организации и методики проведения экскурсий,Отлично,24.02.2025,24.02.2025
132,Королева Вероника Данииловна,725,ЕГФ,Щербакова В. А.,Принципы организации и методики проведения экскурсий,Отлично,24.02.2025,24.02.2025
132,Кудрявцева Мария Ивановна,725,ЕГФ,Щербакова В. А.,Принципы организации и методики проведения экскурсий,Отлично,24.02.2025,24.02.2025
132,Никитин Дмитрий Максимович,725,ЕГФ,Щербакова В. А.,Принципы организации и методики проведения экскурсий,Хорошо,24.02.2025,24.02.2025
132,Петрова Ульяна Платоновна,725,ЕГФ,Щербакова В. А.,Принципы организации и методики проведения экскурсий,Отлично,24.02.2025,24.02.2025
132,Романова Анна Денисовна,725,ЕГФ,Щербакова В. А.,Принципы организации и методики проведения экскурсий,Отлично,24.02.2025,24.02.2025
132,Серова Александра Максимовна,725,ЕГФ,Щербакова В. А.,Принципы организации и методики проведения экскурсий,Отлично,24.02.2025,24.02.2025
132,Тихонова Агата Ильинична,725,ЕГФ,Щербакова В. А.,Принципы организации и методики проведения экскурсий,Отлично,24.02.2025,24.02.2025
134,Ананьев Илья Даниилович,725,ЕГФ,Виноградова Н. А.,Физическая география и ландшафты России,Не сдал,26.02.2025,18.03.2025
134,Зайцева Мария Дамировна,725,ЕГФ,Виноградова Н. А.,Физическая география и ландшафты России,Отлично,26.02.2025,26.02.2025
134,Комаров Павел Ильич,725,ЕГФ,Виноградова Н. А.,Физическая география и ландшафты России,Отлично,26.02.2025,26.02.2025
134,Королева Вероника Данииловна,725,ЕГФ,Виноградова Н. А.,Физическая география и ландшафты России,Хорошо,26.02.2025,26.02.2025
134,Кудрявцева Мария Ивановна,725,ЕГФ,Виноградова Н. А.,Физическая география и ландшафты России,Отлично,26.02.2025,26.02.2025
134,Никитин Дмитрий Максимович,725,ЕГФ,Виноградова Н. А.,Физическая география и ландшафты России,Хорошо,26.02.2025,26.02.2025
134,Петрова Ульяна Платоновна,725,ЕГФ,Виноградова Н. А.,Физическая география и ландшафты России,Хорошо,26.02.2025,26.02.2025
134,Романова Анна Денисовна,725,ЕГФ,Виноградова Н. А.,Физическая география и ландшафты России,Отлично,26.02.2025,26.02.2025
134,Серова Александра Максимовна,725,ЕГФ,Виноградова Н. А.,Физическая география и ландшафты России,Отлично,26.02.2025,26.02.2025
134,Тихонова Агата Ильинична,725,ЕГФ,Виноградова Н. А.,Физическая география и ландшафты России,Отлично,26.02.2025,26.02.2025
138,Ананьев Илья Даниилович,725,ЕГФ,Васильев В. Е.,Экономическая и социальная география России,Удовлетворительно,28.02.2025,28.02.2025
138,Зайцева Мария Дамировна,725,ЕГФ,Васильев В. Е.,Экономическая и социальная география России,Отлично,28.02.2025,28.02.2025
138,Комаров Павел Ильич,725,ЕГФ,Васильев В. Е.,Экономическая и социальная география России,Хорошо,28.02.2025,28.02.2025
138,Королева Вероника Данииловна,725,ЕГФ,Васильев В. Е.,Экономическая и социальная география России,Хорошо,28.02.2025,28.02.2025
138,Кудрявцева Мария Ивановна,725,ЕГФ,Васильев В. Е.,Экономическая и социальная география России,Отлично,28.02.2025,28.02.2025
138,Никитин Дмитрий Максимович,725,ЕГФ,Васильев В. Е.,Экономическая и социальная география России,Удовлетворительно,28.02.2025,28.02.2025
138,Петрова Ульяна Платоновна,725,ЕГФ,Васильев В. Е.,Экономическая и социальная география России,Хорошо,28.02.2025,28.02.2025
138,Романова Анна Денисовна,725,ЕГФ,Васильев В. Е.,Экономическая и социальная география России,Удовлетворительно,28.02.2025,28.02.2025
138,Серова Александра Максимовна,725,ЕГФ,Васильев В. Е.,Экономическая и социальная география России,Отлично,28.02.2025,28.02.2025
138,Тихонова Агата Ильинична,725,ЕГФ,Васильев В. Е.,Экономическая и социальная география России,Отлично,28.02.2025,28.02.2025
187,Галкина София Марковна,727,ЕГФ,Архипов Б. Д.,Землеведение,Удовлетворительно,14.02.2025,14.02.2025
187,Гусева Мария Станиславовна,727,ЕГФ,Архипов Б. Д.,Землеведение,Отлично,14.02.2025,14.02.2025
187,Кириллов Роман Фёдорович,727,ЕГФ,Архипов Б. Д.,Землеведение,Отлично,14.02.2025,14.02.2025
187,Михайлов Илья Никитич,727,ЕГФ,Архипов Б. Д.,Землеведение,Отлично,14.02.2025,14.02.2025
187,Мухина Полина Владиславовна,727,ЕГФ,Архипов Б. Д.,Землеведение,Отлично,14.02.2025,14.02.2025
187,Окулова Мария Егоровна,727,ЕГФ,Архипов Б. Д.,Землеведение,Хорошо,14.02.2025,14.02.2025
187,Тихонов Роберт Тимурович,727,ЕГФ,Архипов Б. Д.,Землеведение,Не сдал,14.02.2025,02.03.2025
187,Успенская Ольга Львовна,727,ЕГФ,Архипов Б. Д.,Землеведение,Хорошо,14.02.2025,14.02.2025
189,Васильев Арсений Игоревич,727,ЕГФ,Гусев И. В.,Картография с основами топографии,Отлично,18.02.2025,18.02.2025
189,Галкина София Марковна,727,ЕГФ,Гусев И. В.,Картография с основами топографии,Не сдал,18.02.2025,20.03.2025
189,Гусева Мария Станиславовна,727,ЕГФ,Гусев И. В.,Картография с основами топографии,Не сдал,18.02.2025,20.03.2025
189,Кириллов Роман Фёдорович,727,ЕГФ,Гусев И. В.,Картография с основами топографии,Отлично,18.02.2025,18.02.2025
189,Колпаков Роман Максимович,727,ЕГФ,Гусев И. В.,Картография с основами топографии,Хорошо,18.02.2025,18.02.2025
189,Михайлов Илья Никитич,727,ЕГФ,Гусев И. В.,Картография с основами топографии,Хорошо,18.02.2025,18.02.2025
189,Мухина Полина Владиславовна,727,ЕГФ,Гусев И. В.,Картография с основами топографии,Отлично,18.02.2025,18.02.2025
189,Окулова Мария Егоровна,727,ЕГФ,Гусев И. В.,Картография с основами топографии,Хорошо,18.02.2025,18.02.2025
189,Тихонов Роберт Тимурович,727,ЕГФ,Гусев И. В.,Картография с основами топографии,Удовлетворительно,18.02.2025,18.02.2025
189,Успенская Ольга Львовна,727,ЕГФ,Гусев И. В.,Картография с основами топографии,Удовлетворительно,18.02.2025,18.02.2025
190,Васильев Арсений Игоревич,727,ЕГФ,Воробьева К. Л.,Ландшафтоведение,Хорошо,20.02.2025,20.02.2025
190,Галкина София Марковна,727,ЕГФ,Воробьева К. Л.,Ландшафтоведение,Хорошо,20.02.2025,20.02.2025
190,Гусева Мария Станиславовна,727,ЕГФ,Воробьева К. Л.,Ландшафтоведение,Хорошо,20.02.2025,20.02.2025
190,Кириллов Роман Фёдорович,727,ЕГФ,Воробьева К. Л.,Ландшафтоведение,Хорошо,20.02.2025,20.02.2025
190,Колпаков Роман Максимович,727,ЕГФ,Воробьева К. Л.,Ландшафтоведение,Отлично,20.02.2025,20.02.2025
190,Михайлов Илья Никитич,727,ЕГФ,Воробьева К. Л.,Ландшафтоведение,Хорошо,20.02.2025,20.02.2025
190,Мухина Полина Владиславовна,727,ЕГФ,Воробьева К. Л.,Ландшафтоведение,Отлично,20.02.2025,20.02.2025
190,Окулова Мария Егоровна,727,ЕГФ,Воробьева К. Л.,Ландшафтоведение,Хорошо,20.02.2025,20.02.2025
190,Тихонов Роберт Тимурович,727,ЕГФ,Воробьева К. Л.,Ландшафтоведение,Отлично,20.02.2025,20.02.2025
190,Успенская Ольга Львовна,727,ЕГФ,Воробьева К. Л.,Ландшафтоведение,Не сдал,20.02.2025,25.03.2025
191,Васильев Арсений Игоревич,727,ЕГФ,Гусев И. В.,Методы географических исследований,Отлично,24.02.2025,24.02.2025
191,Галкина София Марковна,727,ЕГФ,Гусев И. В.,Методы географических исследований,Хорошо,24.02.2025,24.02.2025
191,Гусева Мария Станиславовна,727,ЕГФ,Гусев И. В.,Методы географических исследований,Не сдал,24.02.2025,25.03.2025
191,Кириллов Роман Фёдорович,727,ЕГФ,Гусев И. В.,Методы географических исследований,Отлично,24.02.2025,24.02.2025
191,Колпаков Роман Максимович,727,ЕГФ,Гусев И. В.,Методы географических исследований,Хорошо,24.02.2025,24.02.2025
191,Михайлов Илья Никитич,727,ЕГФ,Гусев И. В.,Методы географических исследований,Отлично,24.02.2025,24.02.2025
191,Мухина Полина Владиславовна,727,ЕГФ,Гусев И. В.,Методы географических исследований,Хорошо,24.02.2025,24.02.2025
191,Окулова Мария Егоровна,727,ЕГФ,Гусев И. В.,Методы географических исследований,Хорошо,24.02.2025,24.02.2025
191,Тихонов Роберт Тимурович,727,ЕГФ,Гусев И. В.,Методы географических исследований,Удовлетворительно,24.02.2025,24.02.2025
191,Успенская Ольга Львовна,727,ЕГФ,Гусев И. В.,Методы географических исследований,Хорошо,24.02.2025,24.02.2025
193,Васильев Арсений Игоревич,727,ЕГФ,Полякова А. В.,Палеогеография,Отлично,12.02.2025,12.02.2025
193,Галкина София Марковна,727,ЕГФ,Полякова А. В.,Палеогеография,Не сдал,12.02.2025,20.03.2025
193,Гусева Мария Станиславовна,727,ЕГФ,Полякова А. В.,Палеогеография,Удовлетворительно,12.02.2025,12.02.2025
193,Кириллов Роман Фёдорович,727,ЕГФ,Полякова А. В.,Палеогеография,Отлично,12.02.2025,12.02.2025
193,Колпаков Роман Максимович,727,ЕГФ,Полякова А. В.,Палеогеография,Хорошо,12.02.2025,12.02.2025
193,Михайлов Илья Никитич,727,ЕГФ,Полякова А. В.,Палеогеография,Хорошо,12.02.2025,12.02.2025
193,Мухина Полина Владиславовна,727,ЕГФ,Полякова А. В.,Палеогеография,Отлично,12.02.2025,12.02.2025
193,Окулова Мария Егоровна,727,ЕГФ,Полякова А. В.,Палеогеография,Хорошо,12.02.2025,12.02.2025
193,Тихонов Роберт Тимурович,727,ЕГФ,Полякова А. В.,Палеогеография,Хорошо,12.02.2025,12.02.2025
193,Успенская Ольга Львовна,727,ЕГФ,Полякова А. В.,Палеогеография,Хорошо,12.02.2025,12.02.2025
1451,Агеев Роман Михайлович,1627,ППФ,Сазонов Л. В.,Безопасность жизнедеятельности,Не сдал,10.01.2025,03.03.2025
1451,Антонов Всеволод Игоревич,1627,ППФ,Сазонов Л. В.,Безопасность жизнедеятельности,Отлично,10.01.2025,10.01.2025
1451,Игнатьев Иван Дмитриевич,1627,ППФ,Сазонов Л. В.,Безопасность жизнедеятельности,Не сдал,10.01.2025,03.03.2025
1451,Левин Давид Егорович,1627,ППФ,Сазонов Л. В.,Безопасность жизнедеятельности,Удовлетворительно,10.01.2025,10.01.2025
1451,Михайлов Матвей Михайлович,1627,ППФ,Сазонов Л. В.,Безопасность жизнедеятельности,Хорошо,10.01.2025,10.01.2025
1451,Петровский Денис Давидович,1627,ППФ,Сазонов Л. В.,Безопасность жизнедеятельности,Отлично,10.01.2025,10.01.2025
1451,Фролов Марк Михайлович,1627,ППФ,Сазонов Л. В.,Безопасность жизнедеятельности,Удовлетворительно,10.01.2025,10.01.2025
1451,Харитонова Валерия Андреевна,1627,ППФ,Сазонов Л. В.,Безопасность жизнедеятельности,Хорошо,10.01.2025,10.01.2025
1454,Агеев Роман Михайлович,1627,ППФ,Щербакова В. А.,Методика преподавания плавания,Отлично,12.01.2025,12.01.2025
1454,Антонов Всеволод Игоревич,1627,ППФ,Щербакова В. А.,Методика преподавания плавания,Хорошо,12.01.2025,12.01.2025
1454,Игнатьев Иван Дмитриевич,1627,ППФ,Щербакова В. А.,Методика преподавания плавания,Хорошо,12.01.2025,12.01.2025
1454,Киселева Анастасия Владиславовна,1627,ППФ,Щербакова В. А.,Методика преподавания плавания,Отлично,12.01.2025,12.01.2025
1454,Комаров Иван Денисович,1627,ППФ,Щербакова В. А.,Методика преподавания плавания,Отлично,12.01.2025,12.01.2025
1454,Левин Давид Егорович,1627,ППФ,Щербакова В. А.,Методика преподавания плавания,Хорошо,12.01.2025,12.01.2025
1454,Михайлов Матвей Михайлович,1627,ППФ,Щербакова В. А.,Методика преподавания плавания,Отлично,12.01.2025,12.01.2025
1454,Петровский Денис Давидович,1627,ППФ,Щербакова В. А.,Методика преподавания плавания,Отлично,12.01.2025,12.01.2025
1454,Фролов Марк Михайлович,1627,ППФ,Щербакова В. А.,Методика преподавания плавания,Хорошо,12.01.2025,12.01.2025
1454,Харитонова Валерия Андреевна,1627,ППФ,Щербакова В. А.,Методика преподавания плавания,Хорошо,12.01.2025,12.01.2025
1455,Агеев Роман Михайлович,1627,ППФ,Смирнов М. Г.,Национальные виды спорта,Хорошо,14.01.2025,14.01.2025
1455,Антонов Всеволод Игоревич,1627,ППФ,Смирнов М. Г.,Национальные виды спорта,Отлично,14.01.2025,14.01.2025
1455,Игнатьев Иван Дмитриевич,1627,ППФ,Смирнов М. Г.,Национальные виды спорта,Отлично,14.01.2025,14.01.2025
1455,Киселева Анастасия Владиславовна,1627,ППФ,Смирнов М. Г.,Национальные виды спорта,Хорошо,14.01.2025,14.01.2025
1455,Комаров Иван Денисович,1627,ППФ,Смирнов М. Г.,Национальные виды спорта,Отлично,14.01.2025,14.01.2025
1455,Левин Давид Егорович,1627,ППФ,Смирнов М. Г.,Национальные виды спорта,Отлично,14.01.2025,14.01.2025
1455,Михайлов Матвей Михайлович,1627,ППФ,Смирнов М. Г.,Национальные виды спорта,Хорошо,14.01.2025,14.01.2025
1455,Петровский Денис Давидович,1627,ППФ,Смирнов М. Г.,Национальные виды спорта,Хорошо,14.01.2025,14.01.2025
1455,Фролов Марк Михайлович,1627,ППФ,Смирнов М. Г.,Национальные виды спорта,Отлично,14.01.2025,14.01.2025
1455,Харитонова Валерия Андреевна,1627,ППФ,Смирнов М. Г.,Национальные виды спорта,Хорошо,14.01.2025,14.01.2025
1457,Агеев Роман Михайлович,1627,ППФ,Сазонов Л. В.,Опасные ситуации природного и техногенного характера,Не сдал,17.01.2025,09.03.2025
1457,Антонов Всеволод Игоревич,1627,ППФ,Сазонов Л. В.,Опасные ситуации природного и техногенного характера,Отлично,17.01.2025,17.01.2025
1457,Игнатьев Иван Дмитриевич,1627,ППФ,Сазонов Л. В.,Опасные ситуации природного и техногенного характера,Удовлетворительно,17.01.2025,17.01.2025
1457,Киселева Анастасия Владиславовна,1627,ППФ,Сазонов Л. В.,Опасные ситуации природного и техногенного характера,Отлично,17.01.2025,17.01.2025
1457,Комаров Иван Денисович,1627,ППФ,Сазонов Л. В.,Опасные ситуации природного и техногенного характера,Не сдал,17.01.2025,09.03.2025
1457,Левин Давид Егорович,1627,ППФ,Сазонов Л. В.,Опасные ситуации природного и техногенного характера,Не сдал,17.01.2025,09.03.2025
1457,Михайлов Матвей Михайлович,1627,ППФ,Сазонов Л. В.,Опасные ситуации природного и техногенного характера,Удовлетворительно,17.01.2025,17.01.2025
1457,Петровский Денис Давидович,1627,ППФ,Сазонов Л. В.,Опасные ситуации природного и техногенного характера,Отлично,17.01.2025,17.01.2025
1457,Фролов Марк Михайлович,1627,ППФ,Сазонов Л. В.,Опасные ситуации природного и техногенного характера,Удовлетворительно,17.01.2025,09.03.2025
1457,Харитонова Валерия Андреевна,1627,ППФ,Сазонов Л. В.,Опасные ситуации природного и техногенного характера,Хорошо,17.01.2025,17.01.2025
1473,Белкин Денис Германович,1628,ППФ,Волков Р. Р.,Гимнастика и методика преподавания,Хорошо,25.01.2025,25.01.2025
1473,Егоров Макар Миронович,1628,ППФ,Волков Р. Р.,Гимнастика и методика преподавания,Хорошо,25.01.2025,25.01.2025
1473,Иванов Михаил Даниилович,1628,ППФ,Волков Р. Р.,Гимнастика и методика преподавания,Отлично,25.01.2025,25.01.2025
1473,Ларионов Александр Иванович,1628,ППФ,Волков Р. Р.,Гимнастика и методика преподавания,Хорошо,25.01.2025,25.01.2025
1473,Михайлов Владимир Львович,1628,ППФ,Волков Р. Р.,Гимнастика и методика преподавания,Хорошо,25.01.2025,25.01.2025
1473,Павлов Михаил Ильич,1628,ППФ,Волков Р. Р.,Гимнастика и методика преподавания,Отлично,25.01.2025,25.01.2025
1473,Попов Кирилл Львович,1628,ППФ,Волков Р. Р.,Гимнастика и методика преподавания,Хорошо,25.01.2025,25.01.2025
1473,Савицкий Мирослав Ильич,1628,ППФ,Волков Р. Р.,Гимнастика и методика преподавания,Отлично,25.01.2025,25.01.2025
1476,Белкин Денис Германович,1628,ППФ,Семин И. М.,История физической культуры и спорта,Отлично,28.01.2025,28.01.2025
1476,Васильева Варвара Павловна,1628,ППФ,Семин И. М.,История физической культуры и спорта,Хорошо,28.01.2025,28.01.2025
1476,Егоров Макар Миронович,1628,ППФ,Семин И. М.,История физической культуры и спорта,Не сдал,28.01.2025,04.03.2025
1476,Иванов Михаил Даниилович,1628,ППФ,Семин И. М.,История физической культуры и спорта,Хорошо,28.01.2025,28.01.2025
1476,Ларионов Александр Иванович,1628,ППФ,Семин И. М.,История физической культуры и спорта,Хорошо,28.01.2025,28.01.2025
1476,Михайлов Владимир Львович,1628,ППФ,Семин И. М.,История физической культуры и спорта,Не сдал,28.01.2025,04.03.2025
1476,Павлов Михаил Ильич,1628,ППФ,Семин И. М.,История физической культуры и спорта,Хорошо,28.01.2025,28.01.2025
1476,Попов Кирилл Львович,1628,ППФ,Семин И. М.,История физической культуры и спорта,Отлично,28.01.2025,28.01.2025
1476,Потапова Алиса Артёмовна,1628,ППФ,Семин И. М.,История физической культуры и спорта,Отлично,28.01.2025,28.01.2025
1476,Савицкий Мирослав Ильич,1628,ППФ,Семин И. М.,История физической культуры и спорта,Хорошо,28.01.2025,28.01.2025
1478,Белкин Денис Германович,1628,ППФ,Тихонов М. Ф.,Опасные ситуации природного характера,Хорошо,30.01.2025,30.01.2025
1478,Васильева Варвара Павловна,1628,ППФ,Тихонов М. Ф.,Опасные ситуации природного характера,Отлично,30.01.2025,30.01.2025
1478,Егоров Макар Миронович,1628,ППФ,Тихонов М. Ф.,Опасные ситуации природного характера,Не сдал,30.01.2025,06.03.2025
1478,Иванов Михаил Даниилович,1628,ППФ,Тихонов М. Ф.,Опасные ситуации природного характера,Хорошо,30.01.2025,30.01.2025
1478,Ларионов Александр Иванович,1628,ППФ,Тихонов М. Ф.,Опасные ситуации природного характера,Хорошо,30.01.2025,30.01.2025
1478,Михайлов Владимир Львович,1628,ППФ,Тихонов М. Ф.,Опасные ситуации природного характера,Не сдал,30.01.2025,06.03.2025
1478,Павлов Михаил Ильич,1628,ППФ,Тихонов М. Ф.,Опасные ситуации природного характера,Отлично,30.01.2025,30.01.2025
1478,Попов Кирилл Львович,1628,ППФ,Тихонов М. Ф.,Опасные ситуации природного характера,Хорошо,30.01.2025,30.01.2025
1478,Потапова Алиса Артёмовна,1628,ППФ,Тихонов М. Ф.,Опасные ситуации природного характера,Отлично,30.01.2025,30.01.2025
1478,Савицкий Мирослав Ильич,1628,ППФ,Тихонов М. Ф.,Опасные ситуации природного характера,Удовлетворительно,30.01.2025,06.03.2025
1479,Белкин Денис Германович,1628,ППФ,Тихонов М. Ф.,Опасные ситуации техногенного характера,Отлично,04.02.2025,04.02.2025
1479,Васильева Варвара Павловна,1628,ППФ,Тихонов М. Ф.,Опасные ситуации техногенного характера,Хорошо,04.02.2025,04.02.2025
1479,Егоров Макар Миронович,1628,ППФ,Тихонов М. Ф.,Опасные ситуации техногенного характера,Удовлетворительно,04.02.2025,09.03.2025
1479,Иванов Михаил Даниилович,1628,ППФ,Тихонов М. Ф.,Опасные ситуации техногенного характера,Отлично,04.02.2025,04.02.2025
1479,Ларионов Александр Иванович,1628,ППФ,Тихонов М. Ф.,Опасные ситуации техногенного характера,Хорошо,04.02.2025,04.02.2025
1479,Михайлов Владимир Львович,1628,ППФ,Тихонов М. Ф.,Опасные ситуации техногенного характера,Не сдал,04.02.2025,09.03.2025
1479,Павлов Михаил Ильич,1628,ППФ,Тихонов М. Ф.,Опасные ситуации техногенного характера,Хорошо,04.02.2025,04.02.2025
1479,Попов Кирилл Львович,1628,ППФ,Тихонов М. Ф.,Опасные ситуации техногенного характера,Хорошо,04.02.2025,04.02.2025
1479,Потапова Алиса Артёмовна,1628,ППФ,Тихонов М. Ф.,Опасные ситуации техногенного характера,Хорошо,04.02.2025,04.02.2025
1479,Савицкий Мирослав Ильич,1628,ППФ,Тихонов М. Ф.,Опасные ситуации техногенного характера,Не сдал,04.02.2025,09.03.2025
1480,Белкин Денис Германович,1628,ППФ,Богданов А. Р.,Основы российской государственности,Хорошо,06.02.2025,06.02.2025
1480,Васильева Варвара Павловна,1628,ППФ,Богданов А. Р.,Основы российской государственности,Отлично,06.02.2025,06.02.2025
1480,Егоров Макар Миронович,1628,ППФ,Богданов А. Р.,Основы российской государственности,Не сдал,06.02.2025,04.03.2025
1480,Иванов Михаил Даниилович,1628,ППФ,Богданов А. Р.,Основы российской государственности,Хорошо,06.02.2025,06.02.2025
1480,Ларионов Александр Иванович,1628,ППФ,Богданов А. Р.,Основы российской государственности,Отлично,06.02.2025,06.02.2025
1480,Михайлов Владимир Львович,1628,ППФ,Богданов А. Р.,Основы российской государственности,Не сдал,06.02.2025,04.03.2025
1480,Павлов Михаил Ильич,1628,ППФ,Богданов А. Р.,Основы российской государственности,Хорошо,06.02.2025,06.02.2025
1480,Попов Кирилл Львович,1628,ППФ,Богданов А. Р.,Основы российской государственности,Хорошо,06.02.2025,06.02.2025
1480,Потапова Алиса Артёмовна,1628,ППФ,Богданов А. Р.,Основы российской государственности,Отлично,06.02.2025,06.02.2025
1480,Савицкий Мирослав Ильич,1628,ППФ,Богданов А. Р.,Основы российской государственности,Хорошо,06.02.2025,06.02.2025
2344,Бирюкова Вера Давидовна,200,ФАТ,Колесникова В. Т.,Практика устной и письменной речи  английского языка,Хорошо,20.02.2025,20.02.2025
2344,Верещагина Екатерина Максимовна,200,ФАТ,Колесникова В. Т.,Практика устной и письменной речи  английского языка,Хорошо,20.02.2025,20.02.2025
2344,Дмитриев Иван Артёмович,200,ФАТ,Колесникова В. Т.,Практика устной и письменной речи  английского языка,Хорошо,20.02.2025,20.02.2025
2344,Кононова София Ильинична,200,ФАТ,Колесникова В. Т.,Практика устной и письменной речи  английского языка,Не сдал,20.02.2025,03.03.2025
2344,Нестерова Варвара Георгиевна,200,ФАТ,Колесникова В. Т.,Практика устной и письменной речи  английского языка,Отлично,20.02.2025,20.02.2025
2344,Румянцева Ева Степановна,200,ФАТ,Колесникова В. Т.,Практика устной и письменной речи  английского языка,Хорошо,20.02.2025,20.02.2025
2344,Степанова София Юрьевна,200,ФАТ,Колесникова В. Т.,Практика устной и письменной речи  английского языка,Хорошо,20.02.2025,20.02.2025
2345,Бирюкова Вера Давидовна,200,ФАТ,Богданов А. Н.,Практическая фонетика английского языка,Хорошо,18.02.2025,18.02.2025
2345,Верещагина Екатерина Максимовна,200,ФАТ,Богданов А. Н.,Практическая фонетика английского языка,Отлично,18.02.2025,18.02.2025
2345,Дмитриев Иван Артёмович,200,ФАТ,Богданов А. Н.,Практическая фонетика английского языка,Отлично,18.02.2025,18.02.2025
2345,Кононова София Ильинична,200,ФАТ,Богданов А. Н.,Практическая фонетика английского языка,Отлично,18.02.2025,18.02.2025
2345,Нестерова Варвара Георгиевна,200,ФАТ,Богданов А. Н.,Практическая фонетика английского языка,Отлично,18.02.2025,18.02.2025
2345,Румянцева Ева Степановна,200,ФАТ,Богданов А. Н.,Практическая фонетика английского языка,Хорошо,18.02.2025,18.02.2025
2345,Степанова София Юрьевна,200,ФАТ,Богданов А. Н.,Практическая фонетика английского языка,Не сдал,18.02.2025,05.03.2025
2346,Бирюкова Вера Давидовна,200,ФАТ,Щербаков Л. Н.,Устное народное творчество,Не сдал,22.02.2025,06.03.2025
2346,Верещагина Екатерина Максимовна,200,ФАТ,Щербаков Л. Н.,Устное народное творчество,Хорошо,22.02.2025,22.02.2025
2346,Дмитриев Иван Артёмович,200,ФАТ,Щербаков Л. Н.,Устное народное творчество,Хорошо,22.02.2025,22.02.2025
2346,Кононова София Ильинична,200,ФАТ,Щербаков Л. Н.,Устное народное творчество,Хорошо,22.02.2025,22.02.2025
2346,Нестерова Варвара Георгиевна,200,ФАТ,Щербаков Л. Н.,Устное народное творчество,Отлично,22.02.2025,22.02.2025
2346,Румянцева Ева Степановна,200,ФАТ,Щербаков Л. Н.,Устное народное творчество,Хорошо,22.02.2025,22.02.2025
2346,Степанова София Юрьевна,200,ФАТ,Щербаков Л. Н.,Устное народное творчество,Хорошо,22.02.2025,22.02.2025
2472,Акимова Мария Владимировна,220,ФАТ,Богданов А. Р.,Основы российской государственности,Хорошо,11.02.2025,11.02.2025
2472,Афанасьева София Дмитриевна,220,ФАТ,Богданов А. Р.,Основы российской государственности,Хорошо,11.02.2025,11.02.2025
2472,Березина Милана Артёмовна,220,ФАТ,Богданов А. Р.,Основы российской государственности,Хорошо,11.02.2025,11.02.2025
2472,Гусева Мария Артемьевна,220,ФАТ,Богданов А. Р.,Основы российской государственности,Хорошо,11.02.2025,11.02.2025
2472,Егорова Анна Кирилловна,220,ФАТ,Богданов А. Р.,Основы российской государственности,Хорошо,11.02.2025,11.02.2025
2472,Зотова Вера Робертовна,220,ФАТ,Богданов А. Р.,Основы российской государственности,Не сдал,11.02.2025,03.03.2025
2472,Комарова Валерия Александровна,220,ФАТ,Богданов А. Р.,Основы российской государственности,Отлично,11.02.2025,11.02.2025
2472,Кузнецова Марьям Данииловна,220,ФАТ,Богданов А. Р.,Основы российской государственности,Не сдал,11.02.2025,03.03.2025
2472,Ульянова Виктория Владиславовна,220,ФАТ,Богданов А. Р.,Основы российской государственности,Хорошо,11.02.2025,11.02.2025
2473,Акимова Мария Владимировна,220,ФАТ,Белов И. П.,Практика устной и письменной речи,Отлично,14.02.2025,14.02.2025
2473,Афанасьева София Дмитриевна,220,ФАТ,Белов И. П.,Практика устной и письменной речи,Отлично,14.02.2025,14.02.2025
2473,Березина Милана Артёмовна,220,ФАТ,Белов И. П.,Практика устной и письменной речи,Отлично,14.02.2025,14.02.2025
2473,Гусева Мария Артемьевна,220,ФАТ,Белов И. П.,Практика устной и письменной речи,Отлично,14.02.2025,14.02.2025
2473,Егорова Анна Кирилловна,220,ФАТ,Белов И. П.,Практика устной и письменной речи,Отлично,14.02.2025,14.02.2025
2473,Зотова Вера Робертовна,220,ФАТ,Белов И. П.,Практика устной и письменной речи,Отлично,14.02.2025,14.02.2025
2473,Комарова Валерия Александровна,220,ФАТ,Белов И. П.,Практика устной и письменной речи,Хорошо,14.02.2025,14.02.2025
2473,Кузнецова Марьям Данииловна,220,ФАТ,Белов И. П.,Практика устной и письменной речи,Хорошо,14.02.2025,14.02.2025
2473,Ульянова Виктория Владиславовна,220,ФАТ,Белов И. П.,Практика устной и письменной речи,Отлично,14.02.2025,14.02.2025
2474,Акимова Мария Владимировна,220,ФАТ,Синицына В. Н.,Практическая фонетика,Отлично,18.02.2025,18.02.2025
2474,Афанасьева София Дмитриевна,220,ФАТ,Синицына В. Н.,Практическая фонетика,Отлично,18.02.2025,18.02.2025
2474,Березина Милана Артёмовна,220,ФАТ,Синицына В. Н.,Практическая фонетика,Хорошо,18.02.2025,18.02.2025
2474,Гусева Мария Артемьевна,220,ФАТ,Синицына В. Н.,Практическая фонетика,Отлично,18.02.2025,18.02.2025
2474,Егорова Анна Кирилловна,220,ФАТ,Синицына В. Н.,Практическая фонетика,Хорошо,18.02.2025,18.02.2025
2474,Зотова Вера Робертовна,220,ФАТ,Синицына В. Н.,Практическая фонетика,Отлично,18.02.2025,18.02.2025
2474,Комарова Валерия Александровна,220,ФАТ,Синицына В. Н.,Практическая фонетика,Не сдал,18.02.2025,04.03.2025
2474,Кузнецова Марьям Данииловна,220,ФАТ,Синицына В. Н.,Практическая фонетика,Не сдал,18.02.2025,04.03.2025
2474,Ульянова Виктория Владиславовна,220,ФАТ,Синицына В. Н.,Практическая фонетика,Отлично,18.02.2025,18.02.2025
2475,Акимова Мария Владимировна,220,ФАТ,Щербаков Л. Н.,Устное народное творчество,Отлично,20.02.2025,20.02.2025
2475,Афанасьева София Дмитриевна,220,ФАТ,Щербаков Л. Н.,Устное народное творчество,Отлично,20.02.2025,20.02.2025
2475,Березина Милана Артёмовна,220,ФАТ,Щербаков Л. Н.,Устное народное творчество,Хорошо,20.02.2025,20.02.2025
2475,Гусева Мария Артемьевна,220,ФАТ,Щербаков Л. Н.,Устное народное творчество,Хорошо,20.02.2025,20.02.2025
2475,Егорова Анна Кирилловна,220,ФАТ,Щербаков Л. Н.,Устное народное творчество,Хорошо,20.02.2025,20.02.2025
2475,Зотова Вера Робертовна,220,ФАТ,Щербаков Л. Н.,Устное народное творчество,Отлично,20.02.2025,20.02.2025
2475,Комарова Валерия Александровна,220,ФАТ,Щербаков Л. Н.,Устное народное творчество,Отлично,20.02.2025,20.02.2025
2475,Кузнецова Марьям Данииловна,220,ФАТ,Щербаков Л. Н.,Устное народное творчество,Отлично,20.02.2025,20.02.2025
2475,Ульянова Виктория Владиславовна,220,ФАТ,Щербаков Л. Н.,Устное народное творчество,Отлично,20.02.2025,20.02.2025
3053,Галкина Елизавета Тихоновна,937,ИФФ,Сазонов Л. В.,Безопасность жизнедеятельности,Отлично,13.02.2025,13.02.2025
3053,Ильина Есения Александровна,937,ИФФ,Сазонов Л. В.,Безопасность жизнедеятельности,Хорошо,13.02.2025,13.02.2025
3053,Колесникова Алиса Алексеевна,937,ИФФ,Сазонов Л. В.,Безопасность жизнедеятельности,Хорошо,13.02.2025,12.03.2025
3053,Матвеева Сафия Дмитриевна,937,ИФФ,Сазонов Л. В.,Безопасность жизнедеятельности,Хорошо,13.02.2025,13.02.2025
3053,Наумова София Ивановна,937,ИФФ,Сазонов Л. В.,Безопасность жизнедеятельности,Не сдал,13.02.2025,12.03.2025
3053,Некрасова Марьям Львовна,937,ИФФ,Сазонов Л. В.,Безопасность жизнедеятельности,Хорошо,13.02.2025,13.02.2025
3053,Панфилова Елизавета Романовна,937,ИФФ,Сазонов Л. В.,Безопасность жизнедеятельности,Хорошо,13.02.2025,13.02.2025
3053,Сазонова Каролина Андреевна,937,ИФФ,Сазонов Л. В.,Безопасность жизнедеятельности,Отлично,13.02.2025,13.02.2025
3053,Ульянова Дарья Александровна,937,ИФФ,Сазонов Л. В.,Безопасность жизнедеятельности,Отлично,13.02.2025,13.02.2025
3053,Чернышева Василиса Эмильевна,937,ИФФ,Сазонов Л. В.,Безопасность жизнедеятельности,Отлично,13.02.2025,13.02.2025
3058,Галкина Елизавета Тихоновна,937,ИФФ,Виноградова Н. А.,Практика устной и письменной речи английского языка,Отлично,16.02.2025,16.02.2025
3058,Ильина Есения Александровна,937,ИФФ,Виноградова Н. А.,Практика устной и письменной речи английского языка,Отлично,16.02.2025,16.02.2025
3058,Колесникова Алиса Алексеевна,937,ИФФ,Виноградова Н. А.,Практика устной и письменной речи английского языка,Не сдал,16.02.2025,05.03.2025
3058,Матвеева Сафия Дмитриевна,937,ИФФ,Виноградова Н. А.,Практика устной и письменной речи английского языка,Не сдал,16.02.2025,05.03.2025
3058,Наумова София Ивановна,937,ИФФ,Виноградова Н. А.,Практика устной и письменной речи английского языка,Хорошо,16.02.2025,16.02.2025
3058,Некрасова Марьям Львовна,937,ИФФ,Виноградова Н. А.,Практика устной и письменной речи английского языка,Хорошо,16.02.2025,16.02.2025
3058,Панфилова Елизавета Романовна,937,ИФФ,Виноградова Н. А.,Практика устной и письменной речи английского языка,Хорошо,16.02.2025,16.02.2025
3058,Сазонова Каролина Андреевна,937,ИФФ,Виноградова Н. А.,Практика устной и письменной речи английского языка,Отлично,16.02.2025,16.02.2025
3058,Ульянова Дарья Александровна,937,ИФФ,Виноградова Н. А.,Практика устной и письменной речи английского языка,Отлично,16.02.2025,16.02.2025
3058,Чернышева Василиса Эмильевна,937,ИФФ,Виноградова Н. А.,Практика устной и письменной речи английского языка,Отлично,16.02.2025,16.02.2025
3059,Галкина Елизавета Тихоновна,937,ИФФ,Синицына В. Н.,Практическая грамматика,Отлично,19.02.2025,19.02.2025
3059,Ильина Есения Александровна,937,ИФФ,Синицына В. Н.,Практическая грамматика,Отлично,19.02.2025,19.02.2025
3059,Колесникова Алиса Алексеевна,937,ИФФ,Синицына В. Н.,Практическая грамматика,Не сдал,19.02.2025,06.03.2025
3059,Матвеева Сафия Дмитриевна,937,ИФФ,Синицына В. Н.,Практическая грамматика,Не сдал,19.02.2025,06.03.2025
3059,Наумова София Ивановна,937,ИФФ,Синицына В. Н.,Практическая грамматика,Удовлетворительно,19.02.2025,19.02.2025
3059,Некрасова Марьям Львовна,937,ИФФ,Синицына В. Н.,Практическая грамматика,Удовлетворительно,19.02.2025,19.02.2025
3059,Панфилова Елизавета Романовна,937,ИФФ,Синицына В. Н.,Практическая грамматика,Хорошо,19.02.2025,19.02.2025
3059,Сазонова Каролина Андреевна,937,ИФФ,Синицына В. Н.,Практическая грамматика,Хорошо,19.02.2025,19.02.2025
3059,Ульянова Дарья Александровна,937,ИФФ,Синицына В. Н.,Практическая грамматика,Хорошо,19.02.2025,19.02.2025
3059,Чернышева Василиса Эмильевна,937,ИФФ,Синицына В. Н.,Практическая грамматика,Хорошо,19.02.2025,19.02.2025
3061,Галкина Елизавета Тихоновна,937,ИФФ,Рубцова П. Т.,Современный русский язык,Хорошо,22.02.2025,22.02.2025
3061,Ильина Есения Александровна,937,ИФФ,Рубцова П. Т.,Современный русский язык,Хорошо,22.02.2025,22.02.2025
3061,Колесникова Алиса Алексеевна,937,ИФФ,Рубцова П. Т.,Современный русский язык,Не сдал,22.02.2025,09.03.2025
3061,Матвеева Сафия Дмитриевна,937,ИФФ,Рубцова П. Т.,Современный русский язык,Удовлетворительно,22.02.2025,22.02.2025
3061,Наумова София Ивановна,937,ИФФ,Рубцова П. Т.,Современный русский язык,Не сдал,22.02.2025,09.03.2025
3061,Некрасова Марьям Львовна,937,ИФФ,Рубцова П. Т.,Современный русский язык,Удовлетворительно,22.02.2025,22.02.2025
3061,Панфилова Елизавета Романовна,937,ИФФ,Рубцова П. Т.,Современный русский язык,Хорошо,22.02.2025,22.02.2025
3061,Сазонова Каролина Андреевна,937,ИФФ,Рубцова П. Т.,Современный русский язык,Хорошо,22.02.2025,22.02.2025
3061,Ульянова Дарья Александровна,937,ИФФ,Рубцова П. Т.,Современный русский язык,Отлично,22.02.2025,22.02.2025
3061,Чернышева Василиса Эмильевна,937,ИФФ,Рубцова П. Т.,Современный русский язык,Хорошо,22.02.2025,22.02.2025
3062,Галкина Елизавета Тихоновна,937,ИФФ,Макарова М. Г.,Старославянский язык,Хорошо,25.02.2025,25.02.2025
3062,Ильина Есения Александровна,937,ИФФ,Макарова М. Г.,Старославянский язык,Отлично,25.02.2025,25.02.2025
3062,Колесникова Алиса Алексеевна,937,ИФФ,Макарова М. Г.,Старославянский язык,Хорошо,25.02.2025,25.02.2025
3062,Матвеева Сафия Дмитриевна,937,ИФФ,Макарова М. Г.,Старославянский язык,Хорошо,25.02.2025,25.02.2025
3062,Наумова София Ивановна,937,ИФФ,Макарова М. Г.,Старославянский язык,Не сдал,25.02.2025,10.03.2025
3062,Некрасова Марьям Львовна,937,ИФФ,Макарова М. Г.,Старославянский язык,Не сдал,25.02.2025,10.03.2025
3062,Панфилова Елизавета Романовна,937,ИФФ,Макарова М. Г.,Старославянский язык,Отлично,25.02.2025,25.02.2025
3062,Сазонова Каролина Андреевна,937,ИФФ,Макарова М. Г.,Старославянский язык,Хорошо,25.02.2025,25.02.2025
3062,Ульянова Дарья Александровна,937,ИФФ,Макарова М. Г.,Старославянский язык,Хорошо,25.02.2025,25.02.2025
3062,Чернышева Василиса Эмильевна,937,ИФФ,Макарова М. Г.,Старославянский язык,Хорошо,25.02.2025,25.02.2025
3064,Галкина Елизавета Тихоновна,937,ИФФ,Головин Р. В.,Философия,Хорошо,01.03.2025,01.03.2025
3064,Ильина Есения Александровна,937,ИФФ,Головин Р. В.,Философия,Хорошо,01.03.2025,01.03.2025
3064,Колесникова Алиса Алексеевна,937,ИФФ,Головин Р. В.,Философия,Не сдал,01.03.2025,12.03.2025
3064,Матвеева Сафия Дмитриевна,937,ИФФ,Головин Р. В.,Философия,Удовлетворительно,01.03.2025,01.03.2025
3064,Наумова София Ивановна,937,ИФФ,Головин Р. В.,Философия,Не сдал,01.03.2025,12.03.2025
3064,Некрасова Марьям Львовна,937,ИФФ,Головин Р. В.,Философия,Хорошо,01.03.2025,01.03.2025
3064,Панфилова Елизавета Романовна,937,ИФФ,Головин Р. В.,Философия,Хорошо,01.03.2025,01.03.2025
3064,Сазонова Каролина Андреевна,937,ИФФ,Головин Р. В.,Философия,Отлично,01.03.2025,01.03.2025
3064,Ульянова Дарья Александровна,937,ИФФ,Головин Р. В.,Философия,Отлично,01.03.2025,01.03.2025
3064,Чернышева Василиса Эмильевна,937,ИФФ,Головин Р. В.,Философия,Отлично,01.03.2025,01.03.2025
3083,Акимова Алиса Григорьевна,938,ИФФ,Захарова К. Я.,Введение в литературоведение,Хорошо,21.01.2025,21.01.2025
3083,Карпова Елизавета Артёмовна,938,ИФФ,Захарова К. Я.,Введение в литературоведение,Отлично,21.01.2025,21.01.2025
3083,Колпаков Иван Андреевич,938,ИФФ,Захарова К. Я.,Введение в литературоведение,Хорошо,21.01.2025,21.01.2025
3083,Котова Ксения Даниэльевна,938,ИФФ,Захарова К. Я.,Введение в литературоведение,Хорошо,21.01.2025,21.01.2025
3083,Лаврова Дарья Дмитриевна,938,ИФФ,Захарова К. Я.,Введение в литературоведение,Хорошо,21.01.2025,21.01.2025
3083,Леонова Амина Андреевна,938,ИФФ,Захарова К. Я.,Введение в литературоведение,Отлично,21.01.2025,21.01.2025
3083,Леонова Мария Артёмовна,938,ИФФ,Захарова К. Я.,Введение в литературоведение,Отлично,21.01.2025,21.01.2025
3083,Минаева Аделина Данииловна,938,ИФФ,Захарова К. Я.,Введение в литературоведение,Отлично,21.01.2025,21.01.2025
3083,Павловская София Матвеевна,938,ИФФ,Захарова К. Я.,Введение в литературоведение,Хорошо,21.01.2025,21.01.2025
3083,Семенова Ева Михайловна,938,ИФФ,Захарова К. Я.,Введение в литературоведение,Отлично,21.01.2025,21.01.2025
3084,Акимова Алиса Григорьевна,938,ИФФ,Макарова М. Г.,Введение в славянскую филологию,Хорошо,24.01.2025,24.01.2025
3084,Карпова Елизавета Артёмовна,938,ИФФ,Макарова М. Г.,Введение в славянскую филологию,Отлично,24.01.2025,24.01.2025
3084,Колпаков Иван Андреевич,938,ИФФ,Макарова М. Г.,Введение в славянскую филологию,Отлично,24.01.2025,24.01.2025
3084,Котова Ксения Даниэльевна,938,ИФФ,Макарова М. Г.,Введение в славянскую филологию,Не сдал,24.01.2025,03.03.2025
3084,Лаврова Дарья Дмитриевна,938,ИФФ,Макарова М. Г.,Введение в славянскую филологию,Не сдал,24.01.2025,03.03.2025
3084,Леонова Амина Андреевна,938,ИФФ,Макарова М. Г.,Введение в славянскую филологию,Отлично,24.01.2025,24.01.2025
3084,Леонова Мария Артёмовна,938,ИФФ,Макарова М. Г.,Введение в славянскую филологию,Отлично,24.01.2025,24.01.2025
3084,Минаева Аделина Данииловна,938,ИФФ,Макарова М. Г.,Введение в славянскую филологию,Отлично,24.01.2025,24.01.2025
3084,Павловская София Матвеевна,938,ИФФ,Макарова М. Г.,Введение в славянскую филологию,Отлично,24.01.2025,24.01.2025
3084,Семенова Ева Михайловна,938,ИФФ,Макарова М. Г.,Введение в славянскую филологию,Хорошо,24.01.2025,24.01.2025
3085,Акимова Алиса Григорьевна,938,ИФФ,Белов М. Л.,Введение в языкознание,Отлично,26.01.2025,26.01.2025
3085,Карпова Елизавета Артёмовна,938,ИФФ,Белов М. Л.,Введение в языкознание,Хорошо,26.01.2025,26.01.2025
3085,Колпаков Иван Андреевич,938,ИФФ,Белов М. Л.,Введение в языкознание,Хорошо,26.01.2025,26.01.2025
3085,Котова Ксения Даниэльевна,938,ИФФ,Белов М. Л.,Введение в языкознание,Отлично,26.01.2025,26.01.2025
3085,Лаврова Дарья Дмитриевна,938,ИФФ,Белов М. Л.,Введение в языкознание,Хорошо,26.01.2025,26.01.2025
3085,Леонова Амина Андреевна,938,ИФФ,Белов М. Л.,Введение в языкознание,Отлично,26.01.2025,26.01.2025
3085,Леонова Мария Артёмовна,938,ИФФ,Белов М. Л.,Введение в языкознание,Отлично,26.01.2025,26.01.2025
3085,Минаева Аделина Данииловна,938,ИФФ,Белов М. Л.,Введение в языкознание,Хорошо,26.01.2025,26.01.2025
3085,Павловская София Матвеевна,938,ИФФ,Белов М. Л.,Введение в языкознание,Хорошо,26.01.2025,26.01.2025
3085,Семенова Ева Михайловна,938,ИФФ,Белов М. Л.,Введение в языкознание,Хорошо,26.01.2025,26.01.2025
3091,Акимова Алиса Григорьевна,938,ИФФ,Богданов А. Р.,Основы российской государственности,Отлично,01.02.2025,01.02.2025
3091,Карпова Елизавета Артёмовна,938,ИФФ,Богданов А. Р.,Основы российской государственности,Отлично,01.02.2025,01.02.2025
3091,Колпаков Иван Андреевич,938,ИФФ,Богданов А. Р.,Основы российской государственности,Хорошо,01.02.2025,01.02.2025
3091,Котова Ксения Даниэльевна,938,ИФФ,Богданов А. Р.,Основы российской государственности,Не сдал,01.02.2025,05.03.2025
3091,Лаврова Дарья Дмитриевна,938,ИФФ,Богданов А. Р.,Основы российской государственности,Не сдал,01.02.2025,05.03.2025
3091,Леонова Амина Андреевна,938,ИФФ,Богданов А. Р.,Основы российской государственности,Хорошо,01.02.2025,01.02.2025
3091,Леонова Мария Артёмовна,938,ИФФ,Богданов А. Р.,Основы российской государственности,Отлично,01.02.2025,01.02.2025
3091,Минаева Аделина Данииловна,938,ИФФ,Богданов А. Р.,Основы российской государственности,Хорошо,01.02.2025,01.02.2025
3091,Павловская София Матвеевна,938,ИФФ,Богданов А. Р.,Основы российской государственности,Хорошо,01.02.2025,01.02.2025
3091,Семенова Ева Михайловна,938,ИФФ,Богданов А. Р.,Основы российской государственности,Отлично,01.02.2025,01.02.2025
3092,Акимова Алиса Григорьевна,938,ИФФ,Гришин Г. Б.,Устное народное творчество,Отлично,03.02.2025,03.02.2025
3092,Карпова Елизавета Артёмовна,938,ИФФ,Гришин Г. Б.,Устное народное творчество,Хорошо,03.02.2025,03.02.2025
3092,Колпаков Иван Андреевич,938,ИФФ,Гришин Г. Б.,Устное народное творчество,Хорошо,03.02.2025,03.02.2025
3092,Котова Ксения Даниэльевна,938,ИФФ,Гришин Г. Б.,Устное народное творчество,Не сдал,03.02.2025,06.03.2025
3092,Лаврова Дарья Дмитриевна,938,ИФФ,Гришин Г. Б.,Устное народное творчество,Хорошо,03.02.2025,03.02.2025
3092,Леонова Амина Андреевна,938,ИФФ,Гришин Г. Б.,Устное народное творчество,Хорошо,03.02.2025,03.02.2025
3092,Леонова Мария Артёмовна,938,ИФФ,Гришин Г. Б.,Устное народное творчество,Отлично,03.02.2025,03.02.2025
3092,Минаева Аделина Данииловна,938,ИФФ,Гришин Г. Б.,Устное народное творчество,Хорошо,03.02.2025,03.02.2025
3092,Павловская София Матвеевна,938,ИФФ,Гришин Г. Б.,Устное народное творчество,Отлично,03.02.2025,03.02.2025
3092,Семенова Ева Михайловна,938,ИФФ,Гришин Г. Б.,Устное народное творчество,Отлично,03.02.2025,03.02.2025
4967,Белов Давид Михайлович,507,ЭЮФ,Воронова Д. А.,Информационные системы в экономике,Удовлетворительно,21.01.2025,21.01.2025
4967,Бобров Даниил Максимович,507,ЭЮФ,Воронова Д. А.,Информационные системы в экономике,Отлично,21.01.2025,21.01.2025
4967,Васильев Кирилл Янович,507,ЭЮФ,Воронова Д. А.,Информационные системы в экономике,Удовлетворительно,21.01.2025,21.01.2025
4967,Ильинский Роман Викторович,507,ЭЮФ,Воронова Д. А.,Информационные системы в экономике,Отлично,21.01.2025,21.01.2025
4967,Кузнецов Сергей Викторович,507,ЭЮФ,Воронова Д. А.,Информационные системы в экономике,Отлично,21.01.2025,21.01.2025
4967,Макарова Анна Ярославовна,507,ЭЮФ,Воронова Д. А.,Информационные системы в экономике,Отлично,21.01.2025,21.01.2025
4968,Белов Давид Михайлович,507,ЭЮФ,Павлов И. А.,Микроэкономика,Хорошо,11.01.2025,11.01.2025
4968,Бобров Даниил Максимович,507,ЭЮФ,Павлов И. А.,Микроэкономика,Хорошо,11.01.2025,11.01.2025
4968,Васильев Кирилл Янович,507,ЭЮФ,Павлов И. А.,Микроэкономика,Хорошо,11.01.2025,11.01.2025
4968,Иванов Артём Арсентьевич,507,ЭЮФ,Павлов И. А.,Микроэкономика,Отлично,11.01.2025,11.01.2025
4968,Ильинский Роман Викторович,507,ЭЮФ,Павлов И. А.,Микроэкономика,Хорошо,11.01.2025,11.01.2025
4968,Круглов Марк Матвеевич,507,ЭЮФ,Павлов И. А.,Микроэкономика,Отлично,11.01.2025,11.01.2025
4968,Кузнецов Сергей Викторович,507,ЭЮФ,Павлов И. А.,Микроэкономика,Отлично,11.01.2025,11.01.2025
4968,Макарова Анна Ярославовна,507,ЭЮФ,Павлов И. А.,Микроэкономика,Хорошо,11.01.2025,11.01.2025
4969,Белов Давид Михайлович,507,ЭЮФ,Павлов И. А.,Налоги и налогообложение,Отлично,11.01.2025,11.01.2025
4969,Бобров Даниил Максимович,507,ЭЮФ,Павлов И. А.,Налоги и налогообложение,Удовлетворительно,11.01.2025,11.01.2025
4969,Васильев Кирилл Янович,507,ЭЮФ,Павлов И. А.,Налоги и налогообложение,Хорошо,11.01.2025,11.01.2025
4969,Иванов Артём Арсентьевич,507,ЭЮФ,Павлов И. А.,Налоги и налогообложение,Отлично,11.01.2025,11.01.2025
4969,Ильинский Роман Викторович,507,ЭЮФ,Павлов И. А.,Налоги и налогообложение,Хорошо,11.01.2025,11.01.2025
4969,Круглов Марк Матвеевич,507,ЭЮФ,Павлов И. А.,Налоги и налогообложение,Отлично,11.01.2025,11.01.2025
4969,Кузнецов Сергей Викторович,507,ЭЮФ,Павлов И. А.,Налоги и налогообложение,Отлично,11.01.2025,11.01.2025
4969,Макарова Анна Ярославовна,507,ЭЮФ,Павлов И. А.,Налоги и налогообложение,Хорошо,11.01.2025,11.01.2025
4971,Белов Давид Михайлович,507,ЭЮФ,Романова К. М.,Программирование мобильных приложений,Отлично,25.01.2025,25.01.2025
4971,Бобров Даниил Максимович,507,ЭЮФ,Романова К. М.,Программирование мобильных приложений,Отлично,25.01.2025,25.01.2025
4971,Васильев Кирилл Янович,507,ЭЮФ,Романова К. М.,Программирование мобильных приложений,Не сдал,25.01.2025,25.01.2025
4971,Иванов Артём Арсентьевич,507,ЭЮФ,Романова К. М.,Программирование мобильных приложений,Удовлетворительно,25.01.2025,25.01.2025
4971,Ильинский Роман Викторович,507,ЭЮФ,Романова К. М.,Программирование мобильных приложений,Хорошо,25.01.2025,25.01.2025
4971,Круглов Марк Матвеевич,507,ЭЮФ,Романова К. М.,Программирование мобильных приложений,Отлично,25.01.2025,25.01.2025
4971,Кузнецов Сергей Викторович,507,ЭЮФ,Романова К. М.,Программирование мобильных приложений,Отлично,20.01.2025,25.01.2025
4971,Макарова Анна Ярославовна,507,ЭЮФ,Романова К. М.,Программирование мобильных приложений,Удовлетворительно,25.01.2025,25.01.2025
4972,Белов Давид Михайлович,507,ЭЮФ,Рогов Д. М.,Проектирование,Отлично,16.01.2025,16.01.2025
4972,Бобров Даниил Максимович,507,ЭЮФ,Рогов Д. М.,Проектирование,Отлично,16.01.2025,16.01.2025
4972,Васильев Кирилл Янович,507,ЭЮФ,Рогов Д. М.,Проектирование,Хорошо,16.01.2025,16.01.2025
4972,Иванов Артём Арсентьевич,507,ЭЮФ,Рогов Д. М.,Проектирование,Отлично,16.01.2025,16.01.2025
4972,Ильинский Роман Викторович,507,ЭЮФ,Рогов Д. М.,Проектирование,Не сдал,16.01.2025,21.02.2025
4972,Круглов Марк Матвеевич,507,ЭЮФ,Рогов Д. М.,Проектирование,Отлично,16.01.2025,16.01.2025
4972,Кузнецов Сергей Викторович,507,ЭЮФ,Рогов Д. М.,Проектирование,Отлично,16.01.2025,16.01.2025
4972,Макарова Анна Ярославовна,507,ЭЮФ,Рогов Д. М.,Проектирование,Не сдал,16.01.2025,21.02.2025
5001,Антонов Даниил Львович,512,ЭЮФ,Васильев В. Е.,Макроэкономика,Отлично,14.01.2025,14.01.2025
5001,Зайцев Георгий Константинович,512,ЭЮФ,Васильев В. Е.,Макроэкономика,Отлично,14.01.2025,14.01.2025
5001,Захарова Мария Александровна,512,ЭЮФ,Васильев В. Е.,Макроэкономика,Хорошо,14.01.2025,14.01.2025
5001,Ильин Никита Егорович,512,ЭЮФ,Васильев В. Е.,Макроэкономика,Хорошо,14.01.2025,14.01.2025
5001,Попов Артём Борисович,512,ЭЮФ,Васильев В. Е.,Макроэкономика,Хорошо,14.01.2025,11.03.2025
5001,Попова Ксения Григорьевна,512,ЭЮФ,Васильев В. Е.,Макроэкономика,Отлично,14.01.2025,14.01.2025
5001,Прокофьева Кира Богдановна,512,ЭЮФ,Васильев В. Е.,Макроэкономика,Отлично,14.01.2025,14.01.2025
5001,Смирнов Михаил Егорович,512,ЭЮФ,Васильев В. Е.,Макроэкономика,Отлично,14.01.2025,14.01.2025
5001,Сорокин Кирилл Тимурович,512,ЭЮФ,Васильев В. Е.,Макроэкономика,Отлично,14.01.2025,14.01.2025
5001,Ушаков Даниил Миронович,512,ЭЮФ,Васильев В. Е.,Макроэкономика,Отлично,14.01.2025,14.01.2025
5008,Антонов Даниил Львович,512,ЭЮФ,Семин И. М.,Информационные системы в экономике,Отлично,16.01.2025,16.01.2025
5008,Зайцев Георгий Константинович,512,ЭЮФ,Семин И. М.,Информационные системы в экономике,Хорошо,16.01.2025,16.01.2025
5008,Захарова Мария Александровна,512,ЭЮФ,Семин И. М.,Информационные системы в экономике,Не сдал,16.01.2025,09.03.2025
5008,Ильин Никита Егорович,512,ЭЮФ,Семин И. М.,Информационные системы в экономике,Хорошо,16.01.2025,16.01.2025
5008,Попов Артём Борисович,512,ЭЮФ,Семин И. М.,Информационные системы в экономике,Отлично,16.01.2025,16.01.2025
5008,Попова Ксения Григорьевна,512,ЭЮФ,Семин И. М.,Информационные системы в экономике,Хорошо,16.01.2025,16.01.2025
5008,Прокофьева Кира Богдановна,512,ЭЮФ,Семин И. М.,Информационные системы в экономике,Хорошо,16.01.2025,16.01.2025
5008,Смирнов Михаил Егорович,512,ЭЮФ,Семин И. М.,Информационные системы в экономике,Отлично,16.01.2025,16.01.2025
5008,Сорокин Кирилл Тимурович,512,ЭЮФ,Семин И. М.,Информационные системы в экономике,Хорошо,16.01.2025,16.01.2025
5008,Ушаков Даниил Миронович,512,ЭЮФ,Семин И. М.,Информационные системы в экономике,Удовлетворительно,16.01.2025,16.01.2025
5011,Антонов Даниил Львович,512,ЭЮФ,Гришин Г. Б.,Программирование в 1С,Отлично,20.01.2025,20.01.2025
5011,Зайцев Георгий Константинович,512,ЭЮФ,Гришин Г. Б.,Программирование в 1С,Хорошо,20.01.2025,20.01.2025
5011,Захарова Мария Александровна,512,ЭЮФ,Гришин Г. Б.,Программирование в 1С,Хорошо,20.01.2025,20.01.2025
5011,Ильин Никита Егорович,512,ЭЮФ,Гришин Г. Б.,Программирование в 1С,Удовлетворительно,20.01.2025,20.01.2025
5011,Попов Артём Борисович,512,ЭЮФ,Гришин Г. Б.,Программирование в 1С,Не сдал,20.01.2025,10.03.2025
5011,Попова Ксения Григорьевна,512,ЭЮФ,Гришин Г. Б.,Программирование в 1С,Отлично,20.01.2025,20.01.2025
5011,Прокофьева Кира Богдановна,512,ЭЮФ,Гришин Г. Б.,Программирование в 1С,Отлично,20.01.2025,20.01.2025
5011,Смирнов Михаил Егорович,512,ЭЮФ,Гришин Г. Б.,Программирование в 1С,Отлично,20.01.2025,10.01.2025
5011,Сорокин Кирилл Тимурович,512,ЭЮФ,Гришин Г. Б.,Программирование в 1С,Отлично,20.01.2025,14.01.2025
5011,Ушаков Даниил Миронович,512,ЭЮФ,Гришин Г. Б.,Программирование в 1С,Хорошо,20.01.2025,20.01.2025
5012,Антонов Даниил Львович,512,ЭЮФ,Васильев В. Е.,Эконометрика,Отлично,25.01.2025,25.01.2025
5012,Зайцев Георгий Константинович,512,ЭЮФ,Васильев В. Е.,Эконометрика,Хорошо,25.01.2025,25.01.2025
5012,Захарова Мария Александровна,512,ЭЮФ,Васильев В. Е.,Эконометрика,Не сдал,25.01.2025,11.03.2025
5012,Ильин Никита Егорович,512,ЭЮФ,Васильев В. Е.,Эконометрика,Не сдал,25.01.2025,11.03.2025
5012,Попов Артём Борисович,512,ЭЮФ,Васильев В. Е.,Эконометрика,Не сдал,25.01.2025,11.03.2025
5012,Попова Ксения Григорьевна,512,ЭЮФ,Васильев В. Е.,Эконометрика,Хорошо,25.01.2025,25.01.2025
5012,Прокофьева Кира Богдановна,512,ЭЮФ,Васильев В. Е.,Эконометрика,Отлично,25.01.2025,25.01.2025
5012,Смирнов Михаил Егорович,512,ЭЮФ,Васильев В. Е.,Эконометрика,Отлично,25.01.2025,25.01.2025
5012,Сорокин Кирилл Тимурович,512,ЭЮФ,Васильев В. Е.,Эконометрика,Отлично,25.01.2025,25.01.2025
5012,Ушаков Даниил Миронович,512,ЭЮФ,Васильев В. Е.,Эконометрика,Отлично,25.01.2025,25.01.2025
5070,Бабушкин Сергей Иванович,509,ЭЮФ,Давыдова М. Г.,Языки программирования,Хорошо,06.02.2025,06.02.2025
5070,Богданов Лука Ярославович,509,ЭЮФ,Давыдова М. Г.,Языки программирования,Отлично,06.02.2025,06.02.2025
5070,Быков Адам Дмитриевич,509,ЭЮФ,Давыдова М. Г.,Языки программирования,Хорошо,06.02.2025,06.02.2025
5070,Жукова Амелия Саввична,509,ЭЮФ,Давыдова М. Г.,Языки программирования,Хорошо,06.02.2025,06.02.2025
5070,Маслов Александр Егорович,509,ЭЮФ,Давыдова М. Г.,Языки программирования,Хорошо,06.02.2025,06.02.2025
5070,Розанов Игорь Михайлович,509,ЭЮФ,Давыдова М. Г.,Языки программирования,Отлично,06.02.2025,06.02.2025
5070,Суханова Вероника Егоровна,509,ЭЮФ,Давыдова М. Г.,Языки программирования,Хорошо,06.02.2025,06.02.2025
5070,Тихонов Максим Ярославович,509,ЭЮФ,Давыдова М. Г.,Языки программирования,Хорошо,06.02.2025,06.02.2025
5070,Яковлев Платон Кириллович,509,ЭЮФ,Давыдова М. Г.,Языки программирования,Отлично,06.02.2025,06.02.2025
5071,Бабушкин Сергей Иванович,509,ЭЮФ,Романова А. А.,Дискретная математика,Хорошо,08.02.2025,08.02.2025
5071,Богданов Лука Ярославович,509,ЭЮФ,Романова А. А.,Дискретная математика,Хорошо,08.02.2025,08.02.2025
5071,Быков Адам Дмитриевич,509,ЭЮФ,Романова А. А.,Дискретная математика,Отлично,08.02.2025,08.02.2025
5071,Жукова Амелия Саввична,509,ЭЮФ,Романова А. А.,Дискретная математика,Хорошо,08.02.2025,08.02.2025
5071,Маслов Александр Егорович,509,ЭЮФ,Романова А. А.,Дискретная математика,Отлично,08.02.2025,08.02.2025
5071,Розанов Игорь Михайлович,509,ЭЮФ,Романова А. А.,Дискретная математика,Хорошо,08.02.2025,08.02.2025
5071,Суханова Вероника Егоровна,509,ЭЮФ,Романова А. А.,Дискретная математика,Хорошо,08.02.2025,08.02.2025
5071,Тихонов Максим Ярославович,509,ЭЮФ,Романова А. А.,Дискретная математика,Хорошо,08.02.2025,08.02.2025
5071,Яковлев Платон Кириллович,509,ЭЮФ,Романова А. А.,Дискретная математика,Отлично,08.02.2025,08.02.2025
5073,Бабушкин Сергей Иванович,509,ЭЮФ,Архипова Д. З.,Информационные системы и технологии,Отлично,18.02.2025,18.02.2025
5073,Богданов Лука Ярославович,509,ЭЮФ,Архипова Д. З.,Информационные системы и технологии,Отлично,18.02.2025,18.02.2025
5073,Быков Адам Дмитриевич,509,ЭЮФ,Архипова Д. З.,Информационные системы и технологии,Хорошо,18.02.2025,18.02.2025
5073,Жукова Амелия Саввична,509,ЭЮФ,Архипова Д. З.,Информационные системы и технологии,Отлично,18.02.2025,18.02.2025
5073,Маслов Александр Егорович,509,ЭЮФ,Архипова Д. З.,Информационные системы и технологии,Хорошо,18.02.2025,18.02.2025
5073,Розанов Игорь Михайлович,509,ЭЮФ,Архипова Д. З.,Информационные системы и технологии,Отлично,18.02.2025,18.02.2025
5073,Суханова Вероника Егоровна,509,ЭЮФ,Архипова Д. З.,Информационные системы и технологии,Удовлетворительно,18.02.2025,18.02.2025
5073,Тихонов Максим Ярославович,509,ЭЮФ,Архипова Д. З.,Информационные системы и технологии,Хорошо,18.02.2025,18.02.2025
5073,Яковлев Платон Кириллович,509,ЭЮФ,Архипова Д. З.,Информационные системы и технологии,Отлично,18.02.2025,18.02.2025
5076,Бабушкин Сергей Иванович,509,ЭЮФ,Лебедев Л. П.,Психология,Отлично,11.02.2025,05.02.2025
5076,Богданов Лука Ярославович,509,ЭЮФ,Лебедев Л. П.,Психология,Отлично,11.02.2025,11.02.2025
5076,Быков Адам Дмитриевич,509,ЭЮФ,Лебедев Л. П.,Психология,Отлично,11.02.2025,11.02.2025
5076,Жукова Амелия Саввична,509,ЭЮФ,Лебедев Л. П.,Психология,Отлично,11.02.2025,11.02.2025
5076,Маслов Александр Егорович,509,ЭЮФ,Лебедев Л. П.,Психология,Отлично,11.02.2025,11.02.2025
5076,Розанов Игорь Михайлович,509,ЭЮФ,Лебедев Л. П.,Психология,Отлично,11.02.2025,11.02.2025
5076,Суханова Вероника Егоровна,509,ЭЮФ,Лебедев Л. П.,Психология,Хорошо,11.02.2025,11.02.2025
5076,Тихонов Максим Ярославович,509,ЭЮФ,Лебедев Л. П.,Психология,Отлично,11.02.2025,11.02.2025
5076,Яковлев Платон Кириллович,509,ЭЮФ,Лебедев Л. П.,Психология,Отлично,11.02.2025,11.02.2025
5079,Бабушкин Сергей Иванович,509,ЭЮФ,Головин Р. В.,Философия,Хорошо,22.02.2025,22.02.2025
5079,Богданов Лука Ярославович,509,ЭЮФ,Головин Р. В.,Философия,Отлично,22.02.2025,22.02.2025
5079,Быков Адам Дмитриевич,509,ЭЮФ,Головин Р. В.,Философия,Хорошо,22.02.2025,22.02.2025
5079,Жукова Амелия Саввична,509,ЭЮФ,Головин Р. В.,Философия,Отлично,22.02.2025,22.02.2025
5079,Маслов Александр Егорович,509,ЭЮФ,Головин Р. В.,Философия,Не сдал,22.02.2025,05.03.2025
5079,Розанов Игорь Михайлович,509,ЭЮФ,Головин Р. В.,Философия,Отлично,22.02.2025,22.02.2025
5079,Суханова Вероника Егоровна,509,ЭЮФ,Головин Р. В.,Философия,Не сдал,22.02.2025,05.03.2025
5079,Тихонов Максим Ярославович,509,ЭЮФ,Головин Р. В.,Философия,Отлично,22.02.2025,22.02.2025
5079,Яковлев Платон Кириллович,509,ЭЮФ,Головин Р. В.,Философия,Не сдал,22.02.2025,05.03.2025
5080,Бабушкин Сергей Иванович,509,ЭЮФ,Семина К. М.,Финансы и кредит,Хорошо,12.02.2025,12.02.2025
5080,Богданов Лука Ярославович,509,ЭЮФ,Семина К. М.,Финансы и кредит,Отлично,12.02.2025,12.02.2025
5080,Быков Адам Дмитриевич,509,ЭЮФ,Семина К. М.,Финансы и кредит,Хорошо,12.02.2025,12.02.2025
5080,Жукова Амелия Саввична,509,ЭЮФ,Семина К. М.,Финансы и кредит,Отлично,12.02.2025,12.02.2025
5080,Маслов Александр Егорович,509,ЭЮФ,Семина К. М.,Финансы и кредит,Отлично,12.02.2025,12.02.2025
5080,Розанов Игорь Михайлович,509,ЭЮФ,Семина К. М.,Финансы и кредит,Хорошо,12.02.2025,12.02.2025
5080,Суханова Вероника Егоровна,509,ЭЮФ,Семина К. М.,Финансы и кредит,Отлично,12.02.2025,12.02.2025
5080,Тихонов Максим Ярославович,509,ЭЮФ,Семина К. М.,Финансы и кредит,Хорошо,12.02.2025,12.02.2025
5080,Яковлев Платон Кириллович,509,ЭЮФ,Семина К. М.,Финансы и кредит,Отлично,12.02.2025,12.02.2025
5159,Дмитриева Мелисса Борисовна,510,ЭЮФ,Соколова Т. Л.,Математика,Хорошо,24.02.2025,24.02.2025
5159,Кириллова Аиша Ярославовна,510,ЭЮФ,Соколова Т. Л.,Математика,Отлично,24.02.2025,24.02.2025
5159,Кузин Тимур Эрикович,510,ЭЮФ,Соколова Т. Л.,Математика,Хорошо,24.02.2025,24.02.2025
5159,Майоров Георгий Глебович,510,ЭЮФ,Соколова Т. Л.,Математика,Хорошо,24.02.2025,24.02.2025
5159,Маслов Руслан Владиславович,510,ЭЮФ,Соколова Т. Л.,Математика,Хорошо,24.02.2025,24.02.2025
5159,Сергеев Глеб Артёмович,510,ЭЮФ,Соколова Т. Л.,Математика,Удовлетворительно,24.02.2025,24.02.2025
5159,Смирнов Кирилл Святославович,510,ЭЮФ,Соколова Т. Л.,Математика,Отлично,24.02.2025,24.02.2025
5159,Степанов Матвей Фёдорович,510,ЭЮФ,Соколова Т. Л.,Математика,Отлично,24.02.2025,24.02.2025
5159,Сычев Данила Иванович,510,ЭЮФ,Соколова Т. Л.,Математика,Не сдал,24.02.2025,24.02.2025
5159,Чумаков Иван Ильич,510,ЭЮФ,Соколова Т. Л.,Математика,Хорошо,24.02.2025,24.02.2025
5160,Дмитриева Мелисса Борисовна,510,ЭЮФ,Исакова А. Д.,Операционные системы,Хорошо,12.02.2025,06.02.2025
5160,Кириллова Аиша Ярославовна,510,ЭЮФ,Исакова А. Д.,Операционные системы,Не сдал,12.02.2025,02.04.2025
5160,Кузин Тимур Эрикович,510,ЭЮФ,Исакова А. Д.,Операционные системы,Отлично,12.02.2025,12.02.2025
5160,Майоров Георгий Глебович,510,ЭЮФ,Исакова А. Д.,Операционные системы,Отлично,12.02.2025,12.02.2025
5160,Маслов Руслан Владиславович,510,ЭЮФ,Исакова А. Д.,Операционные системы,Хорошо,12.02.2025,12.02.2025
5160,Сергеев Глеб Артёмович,510,ЭЮФ,Исакова А. Д.,Операционные системы,Не сдал,12.02.2025,02.04.2025
5160,Смирнов Кирилл Святославович,510,ЭЮФ,Исакова А. Д.,Операционные системы,Отлично,12.02.2025,12.02.2025
5160,Степанов Матвей Фёдорович,510,ЭЮФ,Исакова А. Д.,Операционные системы,Отлично,12.02.2025,12.02.2025
5160,Сычев Данила Иванович,510,ЭЮФ,Исакова А. Д.,Операционные системы,Не сдал,12.02.2025,02.04.2025
5160,Чумаков Иван Ильич,510,ЭЮФ,Исакова А. Д.,Операционные системы,Не сдал,12.02.2025,02.04.2025
5161,Дмитриева Мелисса Борисовна,510,ЭЮФ,Сергеев Г. Д.,Основы российской государственности,Отлично,14.02.2025,14.02.2025
5161,Кириллова Аиша Ярославовна,510,ЭЮФ,Сергеев Г. Д.,Основы российской государственности,Хорошо,14.02.2025,14.02.2025
5161,Кузин Тимур Эрикович,510,ЭЮФ,Сергеев Г. Д.,Основы российской государственности,Хорошо,14.02.2025,14.02.2025
5161,Майоров Георгий Глебович,510,ЭЮФ,Сергеев Г. Д.,Основы российской государственности,Отлично,14.02.2025,14.02.2025
5161,Маслов Руслан Владиславович,510,ЭЮФ,Сергеев Г. Д.,Основы российской государственности,Удовлетворительно,14.02.2025,14.02.2025
5161,Сергеев Глеб Артёмович,510,ЭЮФ,Сергеев Г. Д.,Основы российской государственности,Не сдал,14.02.2025,14.02.2025
5161,Смирнов Кирилл Святославович,510,ЭЮФ,Сергеев Г. Д.,Основы российской государственности,Отлично,14.02.2025,14.02.2025
5161,Степанов Матвей Фёдорович,510,ЭЮФ,Сергеев Г. Д.,Основы российской государственности,Отлично,14.02.2025,14.02.2025
5161,Сычев Данила Иванович,510,ЭЮФ,Сергеев Г. Д.,Основы российской государственности,Не сдал,14.02.2025,14.02.2025
5161,Чумаков Иван Ильич,510,ЭЮФ,Сергеев Г. Д.,Основы российской государственности,Не сдал,14.02.2025,14.02.2025
5164,Дмитриева Мелисса Борисовна,510,ЭЮФ,Архипова Д. З.,Экономическая теория и финансовая грамотность,Хорошо,20.02.2025,20.02.2025
5164,Кириллова Аиша Ярославовна,510,ЭЮФ,Архипова Д. З.,Экономическая теория и финансовая грамотность,Удовлетворительно,20.02.2025,20.02.2025
5164,Кузин Тимур Эрикович,510,ЭЮФ,Архипова Д. З.,Экономическая теория и финансовая грамотность,Отлично,20.02.2025,20.02.2025
5164,Майоров Георгий Глебович,510,ЭЮФ,Архипова Д. З.,Экономическая теория и финансовая грамотность,Отлично,20.02.2025,12.02.2025
5164,Маслов Руслан Владиславович,510,ЭЮФ,Архипова Д. З.,Экономическая теория и финансовая грамотность,Удовлетворительно,20.02.2025,20.02.2025
5164,Сергеев Глеб Артёмович,510,ЭЮФ,Архипова Д. З.,Экономическая теория и финансовая грамотность,Хорошо,20.02.2025,20.02.2025
5164,Смирнов Кирилл Святославович,510,ЭЮФ,Архипова Д. З.,Экономическая теория и финансовая грамотность,Отлично,20.02.2025,20.02.2025
5164,Степанов Матвей Фёдорович,510,ЭЮФ,Архипова Д. З.,Экономическая теория и финансовая грамотность,Отлично,20.02.2025,20.02.2025
5164,Сычев Данила Иванович,510,ЭЮФ,Архипова Д. З.,Экономическая теория и финансовая грамотность,Не сдал,20.02.2025,20.02.2025
5164,Чумаков Иван Ильич,510,ЭЮФ,Архипова Д. З.,Экономическая теория и финансовая грамотность,Удовлетворительно,20.02.2025,20.02.2025
